<?xml version="1.0" encoding="UTF-8"?>
<mesh>
    <sharedgeometry vertexcount="137">
        <vertexbuffer positions="true" normals="true" texture_coords="0" colours_diffuse="False">
            <vertex>
                <position x="-0.382682" y="-1.000000" z="-0.923880"/>
                <normal x="-0.259887" y="0.445488" z="-0.856737"/>
            </vertex>
            <vertex>
                <position x="0.000000" y="1.000000" z="-0.000000"/>
                <normal x="-0.259887" y="0.445488" z="-0.856737"/>
            </vertex>
            <vertex>
                <position x="-0.195089" y="-1.000000" z="-0.980786"/>
                <normal x="-0.259887" y="0.445488" z="-0.856737"/>
            </vertex>
            <vertex>
                <position x="0.000000" y="-1.000000" z="-1.000000"/>
                <normal x="0.087754" y="0.445488" z="-0.890977"/>
            </vertex>
            <vertex>
                <position x="0.000000" y="1.000000" z="-0.000000"/>
                <normal x="0.087754" y="0.445488" z="-0.890977"/>
            </vertex>
            <vertex>
                <position x="0.195090" y="-1.000000" z="-0.980785"/>
                <normal x="0.087754" y="0.445488" z="-0.890977"/>
            </vertex>
            <vertex>
                <position x="0.000000" y="1.000000" z="-0.000000"/>
                <normal x="-0.087753" y="0.445488" z="-0.890977"/>
            </vertex>
            <vertex>
                <position x="0.000000" y="-1.000000" z="-1.000000"/>
                <normal x="-0.087753" y="0.445488" z="-0.890977"/>
            </vertex>
            <vertex>
                <position x="-0.195089" y="-1.000000" z="-0.980786"/>
                <normal x="-0.087753" y="0.445488" z="-0.890977"/>
            </vertex>
            <vertex>
                <position x="0.195090" y="-1.000000" z="-0.980785"/>
                <normal x="0.259888" y="0.445488" z="-0.856737"/>
            </vertex>
            <vertex>
                <position x="0.000000" y="1.000000" z="-0.000000"/>
                <normal x="0.259888" y="0.445488" z="-0.856737"/>
            </vertex>
            <vertex>
                <position x="0.382683" y="-1.000000" z="-0.923880"/>
                <normal x="0.259888" y="0.445488" z="-0.856737"/>
            </vertex>
            <vertex>
                <position x="-0.555569" y="-1.000000" z="-0.831470"/>
                <normal x="-0.422035" y="0.445488" z="-0.789574"/>
            </vertex>
            <vertex>
                <position x="0.000000" y="1.000000" z="-0.000000"/>
                <normal x="-0.422035" y="0.445488" z="-0.789574"/>
            </vertex>
            <vertex>
                <position x="-0.382682" y="-1.000000" z="-0.923880"/>
                <normal x="-0.422035" y="0.445488" z="-0.789574"/>
            </vertex>
            <vertex>
                <position x="-0.707106" y="-1.000000" z="-0.707108"/>
                <normal x="-0.567964" y="0.445488" z="-0.692067"/>
            </vertex>
            <vertex>
                <position x="0.000000" y="1.000000" z="-0.000000"/>
                <normal x="-0.567964" y="0.445488" z="-0.692067"/>
            </vertex>
            <vertex>
                <position x="-0.555569" y="-1.000000" z="-0.831470"/>
                <normal x="-0.567964" y="0.445488" z="-0.692067"/>
            </vertex>
            <vertex>
                <position x="-0.831469" y="-1.000000" z="-0.555571"/>
                <normal x="-0.692066" y="0.445488" z="-0.567965"/>
            </vertex>
            <vertex>
                <position x="0.000000" y="1.000000" z="-0.000000"/>
                <normal x="-0.692066" y="0.445488" z="-0.567965"/>
            </vertex>
            <vertex>
                <position x="-0.707106" y="-1.000000" z="-0.707108"/>
                <normal x="-0.692066" y="0.445488" z="-0.567965"/>
            </vertex>
            <vertex>
                <position x="-0.923879" y="-1.000000" z="-0.382684"/>
                <normal x="-0.789573" y="0.445488" z="-0.422037"/>
            </vertex>
            <vertex>
                <position x="0.000000" y="1.000000" z="-0.000000"/>
                <normal x="-0.789573" y="0.445488" z="-0.422037"/>
            </vertex>
            <vertex>
                <position x="-0.831469" y="-1.000000" z="-0.555571"/>
                <normal x="-0.789573" y="0.445488" z="-0.422037"/>
            </vertex>
            <vertex>
                <position x="-0.980785" y="-1.000000" z="-0.195091"/>
                <normal x="-0.856737" y="0.445488" z="-0.259889"/>
            </vertex>
            <vertex>
                <position x="0.000000" y="1.000000" z="-0.000000"/>
                <normal x="-0.856737" y="0.445488" z="-0.259889"/>
            </vertex>
            <vertex>
                <position x="-0.923879" y="-1.000000" z="-0.382684"/>
                <normal x="-0.856737" y="0.445488" z="-0.259889"/>
            </vertex>
            <vertex>
                <position x="-1.000000" y="-1.000000" z="-0.000001"/>
                <normal x="-0.890977" y="0.445488" z="-0.087754"/>
            </vertex>
            <vertex>
                <position x="0.000000" y="1.000000" z="-0.000000"/>
                <normal x="-0.890977" y="0.445488" z="-0.087754"/>
            </vertex>
            <vertex>
                <position x="-0.980785" y="-1.000000" z="-0.195091"/>
                <normal x="-0.890977" y="0.445488" z="-0.087754"/>
            </vertex>
            <vertex>
                <position x="-0.980785" y="-1.000000" z="0.195089"/>
                <normal x="-0.890977" y="0.445488" z="0.087753"/>
            </vertex>
            <vertex>
                <position x="0.000000" y="1.000000" z="-0.000000"/>
                <normal x="-0.890977" y="0.445488" z="0.087753"/>
            </vertex>
            <vertex>
                <position x="-1.000000" y="-1.000000" z="-0.000001"/>
                <normal x="-0.890977" y="0.445488" z="0.087753"/>
            </vertex>
            <vertex>
                <position x="-0.923880" y="-1.000000" z="0.382683"/>
                <normal x="-0.856737" y="0.445488" z="0.259887"/>
            </vertex>
            <vertex>
                <position x="0.000000" y="1.000000" z="-0.000000"/>
                <normal x="-0.856737" y="0.445488" z="0.259887"/>
            </vertex>
            <vertex>
                <position x="-0.980785" y="-1.000000" z="0.195089"/>
                <normal x="-0.856737" y="0.445488" z="0.259887"/>
            </vertex>
            <vertex>
                <position x="-0.831470" y="-1.000000" z="0.555570"/>
                <normal x="-0.789574" y="0.445488" z="0.422035"/>
            </vertex>
            <vertex>
                <position x="0.000000" y="1.000000" z="-0.000000"/>
                <normal x="-0.789574" y="0.445488" z="0.422035"/>
            </vertex>
            <vertex>
                <position x="-0.923880" y="-1.000000" z="0.382683"/>
                <normal x="-0.789574" y="0.445488" z="0.422035"/>
            </vertex>
            <vertex>
                <position x="-0.707107" y="-1.000000" z="0.707106"/>
                <normal x="-0.692067" y="0.445488" z="0.567964"/>
            </vertex>
            <vertex>
                <position x="0.000000" y="1.000000" z="-0.000000"/>
                <normal x="-0.692067" y="0.445488" z="0.567964"/>
            </vertex>
            <vertex>
                <position x="-0.831470" y="-1.000000" z="0.555570"/>
                <normal x="-0.692067" y="0.445488" z="0.567964"/>
            </vertex>
            <vertex>
                <position x="-0.555571" y="-1.000000" z="0.831469"/>
                <normal x="-0.567965" y="0.445488" z="0.692066"/>
            </vertex>
            <vertex>
                <position x="0.000000" y="1.000000" z="-0.000000"/>
                <normal x="-0.567965" y="0.445488" z="0.692066"/>
            </vertex>
            <vertex>
                <position x="-0.707107" y="-1.000000" z="0.707106"/>
                <normal x="-0.567965" y="0.445488" z="0.692066"/>
            </vertex>
            <vertex>
                <position x="-0.382684" y="-1.000000" z="0.923879"/>
                <normal x="-0.422036" y="0.445488" z="0.789573"/>
            </vertex>
            <vertex>
                <position x="0.000000" y="1.000000" z="-0.000000"/>
                <normal x="-0.422036" y="0.445488" z="0.789573"/>
            </vertex>
            <vertex>
                <position x="-0.555571" y="-1.000000" z="0.831469"/>
                <normal x="-0.422036" y="0.445488" z="0.789573"/>
            </vertex>
            <vertex>
                <position x="-0.195091" y="-1.000000" z="0.980785"/>
                <normal x="-0.259889" y="0.445488" z="0.856737"/>
            </vertex>
            <vertex>
                <position x="0.000000" y="1.000000" z="-0.000000"/>
                <normal x="-0.259889" y="0.445488" z="0.856737"/>
            </vertex>
            <vertex>
                <position x="-0.382684" y="-1.000000" z="0.923879"/>
                <normal x="-0.259889" y="0.445488" z="0.856737"/>
            </vertex>
            <vertex>
                <position x="-0.000000" y="-1.000000" z="1.000000"/>
                <normal x="-0.087754" y="0.445488" z="0.890977"/>
            </vertex>
            <vertex>
                <position x="0.000000" y="1.000000" z="-0.000000"/>
                <normal x="-0.087754" y="0.445488" z="0.890977"/>
            </vertex>
            <vertex>
                <position x="-0.195091" y="-1.000000" z="0.980785"/>
                <normal x="-0.087754" y="0.445488" z="0.890977"/>
            </vertex>
            <vertex>
                <position x="0.195090" y="-1.000000" z="0.980785"/>
                <normal x="0.087753" y="0.445488" z="0.890977"/>
            </vertex>
            <vertex>
                <position x="0.000000" y="1.000000" z="-0.000000"/>
                <normal x="0.087753" y="0.445488" z="0.890977"/>
            </vertex>
            <vertex>
                <position x="-0.000000" y="-1.000000" z="1.000000"/>
                <normal x="0.087753" y="0.445488" z="0.890977"/>
            </vertex>
            <vertex>
                <position x="0.382683" y="-1.000000" z="0.923880"/>
                <normal x="0.259888" y="0.445488" z="0.856737"/>
            </vertex>
            <vertex>
                <position x="0.000000" y="1.000000" z="-0.000000"/>
                <normal x="0.259888" y="0.445488" z="0.856737"/>
            </vertex>
            <vertex>
                <position x="0.195090" y="-1.000000" z="0.980785"/>
                <normal x="0.259888" y="0.445488" z="0.856737"/>
            </vertex>
            <vertex>
                <position x="0.555570" y="-1.000000" z="0.831470"/>
                <normal x="0.422036" y="0.445488" z="0.789573"/>
            </vertex>
            <vertex>
                <position x="0.000000" y="1.000000" z="-0.000000"/>
                <normal x="0.422036" y="0.445488" z="0.789573"/>
            </vertex>
            <vertex>
                <position x="0.382683" y="-1.000000" z="0.923880"/>
                <normal x="0.422036" y="0.445488" z="0.789573"/>
            </vertex>
            <vertex>
                <position x="0.707107" y="-1.000000" z="0.707107"/>
                <normal x="0.567965" y="0.445488" z="0.692067"/>
            </vertex>
            <vertex>
                <position x="0.000000" y="1.000000" z="-0.000000"/>
                <normal x="0.567965" y="0.445488" z="0.692067"/>
            </vertex>
            <vertex>
                <position x="0.555570" y="-1.000000" z="0.831470"/>
                <normal x="0.567965" y="0.445488" z="0.692067"/>
            </vertex>
            <vertex>
                <position x="0.831470" y="-1.000000" z="0.555570"/>
                <normal x="0.692067" y="0.445488" z="0.567965"/>
            </vertex>
            <vertex>
                <position x="0.000000" y="1.000000" z="-0.000000"/>
                <normal x="0.692067" y="0.445488" z="0.567965"/>
            </vertex>
            <vertex>
                <position x="0.707107" y="-1.000000" z="0.707107"/>
                <normal x="0.692067" y="0.445488" z="0.567965"/>
            </vertex>
            <vertex>
                <position x="0.923880" y="-1.000000" z="0.382683"/>
                <normal x="0.789573" y="0.445488" z="0.422035"/>
            </vertex>
            <vertex>
                <position x="0.000000" y="1.000000" z="-0.000000"/>
                <normal x="0.789573" y="0.445488" z="0.422035"/>
            </vertex>
            <vertex>
                <position x="0.831470" y="-1.000000" z="0.555570"/>
                <normal x="0.789573" y="0.445488" z="0.422035"/>
            </vertex>
            <vertex>
                <position x="0.980785" y="-1.000000" z="0.195090"/>
                <normal x="0.856737" y="0.445488" z="0.259888"/>
            </vertex>
            <vertex>
                <position x="0.000000" y="1.000000" z="-0.000000"/>
                <normal x="0.856737" y="0.445488" z="0.259888"/>
            </vertex>
            <vertex>
                <position x="0.923880" y="-1.000000" z="0.382683"/>
                <normal x="0.856737" y="0.445488" z="0.259888"/>
            </vertex>
            <vertex>
                <position x="1.000000" y="-1.000000" z="-0.000000"/>
                <normal x="0.890977" y="0.445488" z="0.087753"/>
            </vertex>
            <vertex>
                <position x="0.000000" y="1.000000" z="-0.000000"/>
                <normal x="0.890977" y="0.445488" z="0.087753"/>
            </vertex>
            <vertex>
                <position x="0.980785" y="-1.000000" z="0.195090"/>
                <normal x="0.890977" y="0.445488" z="0.087753"/>
            </vertex>
            <vertex>
                <position x="0.980785" y="-1.000000" z="-0.195090"/>
                <normal x="0.890977" y="0.445488" z="-0.087754"/>
            </vertex>
            <vertex>
                <position x="0.000000" y="1.000000" z="-0.000000"/>
                <normal x="0.890977" y="0.445488" z="-0.087754"/>
            </vertex>
            <vertex>
                <position x="1.000000" y="-1.000000" z="-0.000000"/>
                <normal x="0.890977" y="0.445488" z="-0.087754"/>
            </vertex>
            <vertex>
                <position x="0.923880" y="-1.000000" z="-0.382683"/>
                <normal x="0.856737" y="0.445488" z="-0.259888"/>
            </vertex>
            <vertex>
                <position x="0.000000" y="1.000000" z="-0.000000"/>
                <normal x="0.856737" y="0.445488" z="-0.259888"/>
            </vertex>
            <vertex>
                <position x="0.980785" y="-1.000000" z="-0.195090"/>
                <normal x="0.856737" y="0.445488" z="-0.259888"/>
            </vertex>
            <vertex>
                <position x="0.831470" y="-1.000000" z="-0.555570"/>
                <normal x="0.789573" y="0.445488" z="-0.422036"/>
            </vertex>
            <vertex>
                <position x="0.000000" y="1.000000" z="-0.000000"/>
                <normal x="0.789573" y="0.445488" z="-0.422036"/>
            </vertex>
            <vertex>
                <position x="0.923880" y="-1.000000" z="-0.382683"/>
                <normal x="0.789573" y="0.445488" z="-0.422036"/>
            </vertex>
            <vertex>
                <position x="0.707107" y="-1.000000" z="-0.707107"/>
                <normal x="0.692067" y="0.445488" z="-0.567965"/>
            </vertex>
            <vertex>
                <position x="0.000000" y="1.000000" z="-0.000000"/>
                <normal x="0.692067" y="0.445488" z="-0.567965"/>
            </vertex>
            <vertex>
                <position x="0.831470" y="-1.000000" z="-0.555570"/>
                <normal x="0.692067" y="0.445488" z="-0.567965"/>
            </vertex>
            <vertex>
                <position x="0.555570" y="-1.000000" z="-0.831470"/>
                <normal x="0.567965" y="0.445488" z="-0.692067"/>
            </vertex>
            <vertex>
                <position x="0.000000" y="1.000000" z="-0.000000"/>
                <normal x="0.567965" y="0.445488" z="-0.692067"/>
            </vertex>
            <vertex>
                <position x="0.707107" y="-1.000000" z="-0.707107"/>
                <normal x="0.567965" y="0.445488" z="-0.692067"/>
            </vertex>
            <vertex>
                <position x="0.382683" y="-1.000000" z="-0.923880"/>
                <normal x="0.422036" y="0.445488" z="-0.789573"/>
            </vertex>
            <vertex>
                <position x="0.000000" y="1.000000" z="-0.000000"/>
                <normal x="0.422036" y="0.445488" z="-0.789573"/>
            </vertex>
            <vertex>
                <position x="0.555570" y="-1.000000" z="-0.831470"/>
                <normal x="0.422036" y="0.445488" z="-0.789573"/>
            </vertex>
            <vertex>
                <position x="0.000000" y="-1.000000" z="-1.000000"/>
                <normal x="0.000000" y="-1.000000" z="-0.000000"/>
            </vertex>
            <vertex>
                <position x="0.195090" y="-1.000000" z="-0.980785"/>
                <normal x="0.000000" y="-1.000000" z="-0.000000"/>
            </vertex>
            <vertex>
                <position x="-0.195089" y="-1.000000" z="-0.980786"/>
                <normal x="0.000000" y="-1.000000" z="-0.000000"/>
            </vertex>
            <vertex>
                <position x="-0.382682" y="-1.000000" z="-0.923880"/>
                <normal x="0.000000" y="-1.000000" z="0.000000"/>
            </vertex>
            <vertex>
                <position x="0.382683" y="-1.000000" z="-0.923880"/>
                <normal x="0.000000" y="-1.000000" z="-0.000000"/>
            </vertex>
            <vertex>
                <position x="-0.555569" y="-1.000000" z="-0.831470"/>
                <normal x="0.000000" y="-1.000000" z="0.000000"/>
            </vertex>
            <vertex>
                <position x="0.555570" y="-1.000000" z="-0.831470"/>
                <normal x="0.000000" y="-1.000000" z="-0.000000"/>
            </vertex>
            <vertex>
                <position x="-0.707106" y="-1.000000" z="-0.707108"/>
                <normal x="0.000000" y="-1.000000" z="0.000000"/>
            </vertex>
            <vertex>
                <position x="0.555570" y="-1.000000" z="-0.831470"/>
                <normal x="0.000000" y="-1.000000" z="-0.000000"/>
            </vertex>
            <vertex>
                <position x="0.707107" y="-1.000000" z="-0.707107"/>
                <normal x="0.000000" y="-1.000000" z="-0.000000"/>
            </vertex>
            <vertex>
                <position x="-0.707106" y="-1.000000" z="-0.707108"/>
                <normal x="0.000000" y="-1.000000" z="-0.000000"/>
            </vertex>
            <vertex>
                <position x="0.707107" y="-1.000000" z="-0.707107"/>
                <normal x="0.000000" y="-1.000000" z="0.000000"/>
            </vertex>
            <vertex>
                <position x="-0.831469" y="-1.000000" z="-0.555571"/>
                <normal x="0.000000" y="-1.000000" z="0.000000"/>
            </vertex>
            <vertex>
                <position x="0.831470" y="-1.000000" z="-0.555570"/>
                <normal x="0.000000" y="-1.000000" z="-0.000000"/>
            </vertex>
            <vertex>
                <position x="-0.923879" y="-1.000000" z="-0.382684"/>
                <normal x="0.000000" y="-1.000000" z="0.000000"/>
            </vertex>
            <vertex>
                <position x="0.923880" y="-1.000000" z="-0.382683"/>
                <normal x="0.000000" y="-1.000000" z="-0.000000"/>
            </vertex>
            <vertex>
                <position x="-0.980785" y="-1.000000" z="-0.195091"/>
                <normal x="0.000000" y="-1.000000" z="0.000000"/>
            </vertex>
            <vertex>
                <position x="0.980785" y="-1.000000" z="-0.195090"/>
                <normal x="0.000000" y="-1.000000" z="-0.000000"/>
            </vertex>
            <vertex>
                <position x="-1.000000" y="-1.000000" z="-0.000001"/>
                <normal x="0.000000" y="-1.000000" z="0.000000"/>
            </vertex>
            <vertex>
                <position x="1.000000" y="-1.000000" z="-0.000000"/>
                <normal x="0.000000" y="-1.000000" z="-0.000000"/>
            </vertex>
            <vertex>
                <position x="1.000000" y="-1.000000" z="-0.000000"/>
                <normal x="0.000000" y="-1.000000" z="-0.000000"/>
            </vertex>
            <vertex>
                <position x="-0.980785" y="-1.000000" z="0.195089"/>
                <normal x="0.000000" y="-1.000000" z="-0.000000"/>
            </vertex>
            <vertex>
                <position x="-1.000000" y="-1.000000" z="-0.000001"/>
                <normal x="0.000000" y="-1.000000" z="-0.000000"/>
            </vertex>
            <vertex>
                <position x="0.980785" y="-1.000000" z="0.195090"/>
                <normal x="0.000000" y="-1.000000" z="-0.000000"/>
            </vertex>
            <vertex>
                <position x="-0.980785" y="-1.000000" z="0.195089"/>
                <normal x="0.000000" y="-1.000000" z="-0.000000"/>
            </vertex>
            <vertex>
                <position x="-0.923880" y="-1.000000" z="0.382683"/>
                <normal x="0.000000" y="-1.000000" z="-0.000000"/>
            </vertex>
            <vertex>
                <position x="0.923880" y="-1.000000" z="0.382683"/>
                <normal x="0.000000" y="-1.000000" z="-0.000000"/>
            </vertex>
            <vertex>
                <position x="-0.831470" y="-1.000000" z="0.555570"/>
                <normal x="0.000000" y="-1.000000" z="-0.000000"/>
            </vertex>
            <vertex>
                <position x="0.831470" y="-1.000000" z="0.555570"/>
                <normal x="0.000000" y="-1.000000" z="-0.000000"/>
            </vertex>
            <vertex>
                <position x="-0.707107" y="-1.000000" z="0.707106"/>
                <normal x="0.000000" y="-1.000000" z="-0.000000"/>
            </vertex>
            <vertex>
                <position x="0.707107" y="-1.000000" z="0.707107"/>
                <normal x="0.000000" y="-1.000000" z="-0.000000"/>
            </vertex>
            <vertex>
                <position x="-0.555571" y="-1.000000" z="0.831469"/>
                <normal x="0.000000" y="-1.000000" z="-0.000000"/>
            </vertex>
            <vertex>
                <position x="0.555570" y="-1.000000" z="0.831470"/>
                <normal x="0.000000" y="-1.000000" z="-0.000000"/>
            </vertex>
            <vertex>
                <position x="-0.382684" y="-1.000000" z="0.923879"/>
                <normal x="0.000000" y="-1.000000" z="-0.000000"/>
            </vertex>
            <vertex>
                <position x="0.382683" y="-1.000000" z="0.923880"/>
                <normal x="0.000000" y="-1.000000" z="-0.000000"/>
            </vertex>
            <vertex>
                <position x="-0.195091" y="-1.000000" z="0.980785"/>
                <normal x="0.000000" y="-1.000000" z="-0.000000"/>
            </vertex>
            <vertex>
                <position x="0.382683" y="-1.000000" z="0.923880"/>
                <normal x="0.000000" y="-1.000000" z="-0.000000"/>
            </vertex>
            <vertex>
                <position x="0.195090" y="-1.000000" z="0.980785"/>
                <normal x="0.000000" y="-1.000000" z="-0.000000"/>
            </vertex>
            <vertex>
                <position x="-0.195091" y="-1.000000" z="0.980785"/>
                <normal x="0.000000" y="-1.000000" z="-0.000000"/>
            </vertex>
            <vertex>
                <position x="0.195090" y="-1.000000" z="0.980785"/>
                <normal x="0.000000" y="-1.000000" z="-0.000000"/>
            </vertex>
            <vertex>
                <position x="-0.000000" y="-1.000000" z="1.000000"/>
                <normal x="0.000000" y="-1.000000" z="-0.000000"/>
            </vertex>
        </vertexbuffer>
    </sharedgeometry>
    <submeshes>
        <submesh operationtype="triangle_list" usesharedvertices="true" material="_missing_material_" use32bitindexes="False">
            <faces count="62">
                <face v3="2" v2="1" v1="0"/>
                <face v3="5" v2="4" v1="3"/>
                <face v3="8" v2="7" v1="6"/>
                <face v3="11" v2="10" v1="9"/>
                <face v3="14" v2="13" v1="12"/>
                <face v3="17" v2="16" v1="15"/>
                <face v3="20" v2="19" v1="18"/>
                <face v3="23" v2="22" v1="21"/>
                <face v3="26" v2="25" v1="24"/>
                <face v3="29" v2="28" v1="27"/>
                <face v3="32" v2="31" v1="30"/>
                <face v3="35" v2="34" v1="33"/>
                <face v3="38" v2="37" v1="36"/>
                <face v3="41" v2="40" v1="39"/>
                <face v3="44" v2="43" v1="42"/>
                <face v3="47" v2="46" v1="45"/>
                <face v3="50" v2="49" v1="48"/>
                <face v3="53" v2="52" v1="51"/>
                <face v3="56" v2="55" v1="54"/>
                <face v3="59" v2="58" v1="57"/>
                <face v3="62" v2="61" v1="60"/>
                <face v3="65" v2="64" v1="63"/>
                <face v3="68" v2="67" v1="66"/>
                <face v3="71" v2="70" v1="69"/>
                <face v3="74" v2="73" v1="72"/>
                <face v3="77" v2="76" v1="75"/>
                <face v3="80" v2="79" v1="78"/>
                <face v3="83" v2="82" v1="81"/>
                <face v3="86" v2="85" v1="84"/>
                <face v3="89" v2="88" v1="87"/>
                <face v3="92" v2="91" v1="90"/>
                <face v3="95" v2="94" v1="93"/>
                <face v3="98" v2="97" v1="96"/>
                <face v3="98" v2="99" v1="97"/>
                <face v3="99" v2="100" v1="97"/>
                <face v3="99" v2="101" v1="100"/>
                <face v3="101" v2="102" v1="100"/>
                <face v3="101" v2="103" v1="102"/>
                <face v3="106" v2="105" v1="104"/>
                <face v3="103" v2="108" v1="107"/>
                <face v3="108" v2="109" v1="107"/>
                <face v3="108" v2="110" v1="109"/>
                <face v3="110" v2="111" v1="109"/>
                <face v3="110" v2="112" v1="111"/>
                <face v3="112" v2="113" v1="111"/>
                <face v3="112" v2="114" v1="113"/>
                <face v3="114" v2="115" v1="113"/>
                <face v3="118" v2="117" v1="116"/>
                <face v3="120" v2="119" v1="115"/>
                <face v3="120" v2="121" v1="119"/>
                <face v3="121" v2="122" v1="119"/>
                <face v3="121" v2="123" v1="122"/>
                <face v3="123" v2="124" v1="122"/>
                <face v3="123" v2="125" v1="124"/>
                <face v3="125" v2="126" v1="124"/>
                <face v3="125" v2="127" v1="126"/>
                <face v3="127" v2="128" v1="126"/>
                <face v3="127" v2="129" v1="128"/>
                <face v3="129" v2="130" v1="128"/>
                <face v3="129" v2="131" v1="130"/>
                <face v3="134" v2="133" v1="132"/>
                <face v3="131" v2="136" v1="135"/>
            </faces>
        </submesh>
    </submeshes>
    <submeshnames>
        <submesh index="0" name="_missing_material_">
        </submesh>
    </submeshnames>
</mesh>