<?xml version="1.0" encoding="UTF-8"?>
<mesh>
    <sharedgeometry vertexcount="140">
        <vertexbuffer positions="true" normals="true" texture_coords="0" colours_diffuse="False">
            <vertex>
                <position x="-0.519992" y="5.531689" z="-13.717232"/>
                <normal x="-1.000000" y="0.000000" z="-0.000000"/>
            </vertex>
            <vertex>
                <position x="-0.519992" y="4.531689" z="-13.717232"/>
                <normal x="-1.000000" y="0.000000" z="-0.000000"/>
            </vertex>
            <vertex>
                <position x="-0.519992" y="4.531689" z="-12.884682"/>
                <normal x="-1.000000" y="0.000000" z="-0.000000"/>
            </vertex>
            <vertex>
                <position x="-0.519992" y="6.531689" z="-13.717232"/>
                <normal x="-1.000000" y="0.000000" z="-0.000000"/>
            </vertex>
            <vertex>
                <position x="-0.519992" y="6.531689" z="-12.884682"/>
                <normal x="-1.000000" y="0.000000" z="-0.000000"/>
            </vertex>
            <vertex>
                <position x="-0.519992" y="6.531689" z="-13.717232"/>
                <normal x="0.000000" y="-0.000000" z="-1.000000"/>
            </vertex>
            <vertex>
                <position x="0.519992" y="6.531689" z="-13.717232"/>
                <normal x="0.000000" y="-0.000000" z="-1.000000"/>
            </vertex>
            <vertex>
                <position x="0.519992" y="5.531689" z="-13.717232"/>
                <normal x="0.000000" y="-0.000000" z="-1.000000"/>
            </vertex>
            <vertex>
                <position x="-0.519992" y="5.531689" z="-13.717232"/>
                <normal x="0.000000" y="-0.000000" z="-1.000000"/>
            </vertex>
            <vertex>
                <position x="0.519992" y="6.531689" z="-4.950020"/>
                <normal x="1.000000" y="-0.000000" z="-0.000000"/>
            </vertex>
            <vertex>
                <position x="0.519992" y="6.531689" z="-3.102222"/>
                <normal x="1.000000" y="-0.000000" z="-0.000000"/>
            </vertex>
            <vertex>
                <position x="0.519992" y="4.531689" z="-3.102222"/>
                <normal x="1.000000" y="-0.000000" z="-0.000000"/>
            </vertex>
            <vertex>
                <position x="0.519992" y="4.531689" z="-4.950020"/>
                <normal x="1.000000" y="-0.000000" z="-0.000000"/>
            </vertex>
            <vertex>
                <position x="-0.519992" y="4.531689" z="-3.102222"/>
                <normal x="0.000000" y="-0.000000" z="1.000000"/>
            </vertex>
            <vertex>
                <position x="0.519992" y="4.531689" z="-3.102222"/>
                <normal x="0.000000" y="-0.000000" z="1.000000"/>
            </vertex>
            <vertex>
                <position x="0.519992" y="6.531689" z="-3.102222"/>
                <normal x="0.000000" y="-0.000000" z="1.000000"/>
            </vertex>
            <vertex>
                <position x="-0.519992" y="6.531689" z="-3.102222"/>
                <normal x="0.000000" y="-0.000000" z="1.000000"/>
            </vertex>
            <vertex>
                <position x="-0.519992" y="4.531689" z="-12.884682"/>
                <normal x="-0.000000" y="-1.000000" z="-0.000000"/>
            </vertex>
            <vertex>
                <position x="-0.519992" y="4.531689" z="-13.717232"/>
                <normal x="-0.000000" y="-1.000000" z="-0.000000"/>
            </vertex>
            <vertex>
                <position x="0.519992" y="4.531689" z="-13.717232"/>
                <normal x="-0.000000" y="-1.000000" z="-0.000000"/>
            </vertex>
            <vertex>
                <position x="0.519992" y="4.531689" z="-12.884682"/>
                <normal x="-0.000000" y="-1.000000" z="-0.000000"/>
            </vertex>
            <vertex>
                <position x="-0.519992" y="6.531689" z="-12.884682"/>
                <normal x="0.000000" y="-0.000000" z="1.000000"/>
            </vertex>
            <vertex>
                <position x="0.519992" y="6.531689" z="-12.884682"/>
                <normal x="0.000000" y="-0.000000" z="1.000000"/>
            </vertex>
            <vertex>
                <position x="0.519992" y="7.158350" z="-12.884682"/>
                <normal x="0.000000" y="-0.000000" z="1.000000"/>
            </vertex>
            <vertex>
                <position x="-0.519992" y="7.158350" z="-12.884682"/>
                <normal x="0.000000" y="-0.000000" z="1.000000"/>
            </vertex>
            <vertex>
                <position x="-0.519992" y="6.531689" z="-10.819494"/>
                <normal x="-1.000000" y="0.000000" z="-0.000000"/>
            </vertex>
            <vertex>
                <position x="-0.519992" y="4.531689" z="-10.819494"/>
                <normal x="-1.000000" y="0.000000" z="-0.000000"/>
            </vertex>
            <vertex>
                <position x="0.519992" y="6.531689" z="-13.717232"/>
                <normal x="1.000000" y="-0.000000" z="-0.000000"/>
            </vertex>
            <vertex>
                <position x="0.519992" y="6.531689" z="-12.884682"/>
                <normal x="1.000000" y="-0.000000" z="-0.000000"/>
            </vertex>
            <vertex>
                <position x="0.519992" y="5.531689" z="-13.717232"/>
                <normal x="1.000000" y="-0.000000" z="-0.000000"/>
            </vertex>
            <vertex>
                <position x="0.519992" y="4.531689" z="-13.717232"/>
                <normal x="1.000000" y="0.000000" z="-0.000000"/>
            </vertex>
            <vertex>
                <position x="0.519992" y="4.531689" z="-12.884682"/>
                <normal x="1.000000" y="-0.000000" z="-0.000000"/>
            </vertex>
            <vertex>
                <position x="-0.519992" y="4.531689" z="-10.819494"/>
                <normal x="-0.000000" y="-1.000000" z="-0.000000"/>
            </vertex>
            <vertex>
                <position x="0.519992" y="4.531689" z="-10.819494"/>
                <normal x="-0.000000" y="-1.000000" z="-0.000000"/>
            </vertex>
            <vertex>
                <position x="0.519992" y="6.531689" z="-10.819494"/>
                <normal x="-0.000000" y="1.000000" z="-0.000000"/>
            </vertex>
            <vertex>
                <position x="0.519992" y="6.531689" z="-12.884682"/>
                <normal x="-0.000000" y="1.000000" z="-0.000000"/>
            </vertex>
            <vertex>
                <position x="-0.519992" y="6.531689" z="-12.884682"/>
                <normal x="-0.000000" y="1.000000" z="-0.000000"/>
            </vertex>
            <vertex>
                <position x="-0.519992" y="6.531689" z="-10.819494"/>
                <normal x="-0.000000" y="1.000000" z="-0.000000"/>
            </vertex>
            <vertex>
                <position x="0.519992" y="7.158350" z="-12.884682"/>
                <normal x="-0.000000" y="1.000000" z="-0.000000"/>
            </vertex>
            <vertex>
                <position x="0.519992" y="7.158350" z="-13.717232"/>
                <normal x="-0.000000" y="1.000000" z="-0.000000"/>
            </vertex>
            <vertex>
                <position x="-0.519992" y="7.158350" z="-13.717232"/>
                <normal x="-0.000000" y="1.000000" z="-0.000000"/>
            </vertex>
            <vertex>
                <position x="-0.519992" y="7.158350" z="-12.884682"/>
                <normal x="-0.000000" y="1.000000" z="-0.000000"/>
            </vertex>
            <vertex>
                <position x="0.519992" y="7.158350" z="-13.717232"/>
                <normal x="1.000000" y="0.000000" z="-0.000000"/>
            </vertex>
            <vertex>
                <position x="0.519992" y="7.158350" z="-12.884682"/>
                <normal x="1.000000" y="0.000000" z="-0.000000"/>
            </vertex>
            <vertex>
                <position x="-0.519992" y="7.158350" z="-13.717232"/>
                <normal x="0.000000" y="0.000000" z="-1.000000"/>
            </vertex>
            <vertex>
                <position x="0.519992" y="7.158350" z="-13.717232"/>
                <normal x="0.000000" y="0.000000" z="-1.000000"/>
            </vertex>
            <vertex>
                <position x="-0.519992" y="7.158350" z="-12.884682"/>
                <normal x="-1.000000" y="-0.000000" z="-0.000000"/>
            </vertex>
            <vertex>
                <position x="-0.519992" y="7.158350" z="-13.717232"/>
                <normal x="-1.000000" y="-0.000000" z="-0.000000"/>
            </vertex>
            <vertex>
                <position x="0.519992" y="6.531689" z="-10.819494"/>
                <normal x="1.000000" y="-0.000000" z="-0.000000"/>
            </vertex>
            <vertex>
                <position x="0.519992" y="4.531689" z="-10.819494"/>
                <normal x="1.000000" y="-0.000000" z="-0.000000"/>
            </vertex>
            <vertex>
                <position x="0.519992" y="6.531689" z="-8.863003"/>
                <normal x="1.000000" y="-0.000000" z="-0.000000"/>
            </vertex>
            <vertex>
                <position x="0.519992" y="4.531689" z="-8.863003"/>
                <normal x="1.000000" y="-0.000000" z="-0.000000"/>
            </vertex>
            <vertex>
                <position x="0.519992" y="6.531689" z="-6.906511"/>
                <normal x="1.000000" y="-0.000000" z="-0.000000"/>
            </vertex>
            <vertex>
                <position x="0.519992" y="4.531689" z="-6.906511"/>
                <normal x="1.000000" y="-0.000000" z="-0.000000"/>
            </vertex>
            <vertex>
                <position x="-0.519992" y="4.531689" z="-4.950020"/>
                <normal x="-1.000000" y="-0.000000" z="-0.000000"/>
            </vertex>
            <vertex>
                <position x="-0.519992" y="4.531689" z="-3.102222"/>
                <normal x="-1.000000" y="-0.000000" z="-0.000000"/>
            </vertex>
            <vertex>
                <position x="-0.519992" y="6.531689" z="-3.102222"/>
                <normal x="-1.000000" y="-0.000000" z="-0.000000"/>
            </vertex>
            <vertex>
                <position x="-0.519992" y="6.531689" z="-4.950020"/>
                <normal x="-1.000000" y="-0.000000" z="-0.000000"/>
            </vertex>
            <vertex>
                <position x="-0.519992" y="6.531689" z="-6.906511"/>
                <normal x="-1.000000" y="0.000000" z="-0.000000"/>
            </vertex>
            <vertex>
                <position x="-0.519992" y="4.531689" z="-6.906511"/>
                <normal x="-1.000000" y="0.000000" z="-0.000000"/>
            </vertex>
            <vertex>
                <position x="-0.519992" y="6.531689" z="-8.863003"/>
                <normal x="-1.000000" y="0.000000" z="-0.000000"/>
            </vertex>
            <vertex>
                <position x="-0.519992" y="4.531689" z="-8.863003"/>
                <normal x="-1.000000" y="0.000000" z="-0.000000"/>
            </vertex>
            <vertex>
                <position x="-0.519992" y="4.531689" z="-3.102222"/>
                <normal x="-0.000000" y="-1.000000" z="-0.000000"/>
            </vertex>
            <vertex>
                <position x="-0.519992" y="4.531689" z="-4.950020"/>
                <normal x="-0.000000" y="-1.000000" z="-0.000000"/>
            </vertex>
            <vertex>
                <position x="0.519992" y="4.531689" z="-4.950020"/>
                <normal x="-0.000000" y="-1.000000" z="-0.000000"/>
            </vertex>
            <vertex>
                <position x="0.519992" y="4.531689" z="-3.102222"/>
                <normal x="-0.000000" y="-1.000000" z="-0.000000"/>
            </vertex>
            <vertex>
                <position x="0.519992" y="4.531689" z="-4.950020"/>
                <normal x="0.000000" y="0.000000" z="1.000000"/>
            </vertex>
            <vertex>
                <position x="-0.519992" y="4.531689" z="-4.950020"/>
                <normal x="0.000000" y="0.000000" z="1.000000"/>
            </vertex>
            <vertex>
                <position x="-0.519992" y="3.969505" z="-4.950020"/>
                <normal x="0.000000" y="0.000000" z="1.000000"/>
            </vertex>
            <vertex>
                <position x="0.519992" y="3.969505" z="-4.950020"/>
                <normal x="0.000000" y="0.000000" z="1.000000"/>
            </vertex>
            <vertex>
                <position x="-0.519992" y="4.531689" z="-8.863003"/>
                <normal x="0.000000" y="-0.000000" z="-1.000000"/>
            </vertex>
            <vertex>
                <position x="0.519992" y="4.531689" z="-8.863003"/>
                <normal x="0.000000" y="-0.000000" z="-1.000000"/>
            </vertex>
            <vertex>
                <position x="0.519992" y="3.969505" z="-8.863003"/>
                <normal x="0.000000" y="-0.000000" z="-1.000000"/>
            </vertex>
            <vertex>
                <position x="-0.519992" y="3.969505" z="-8.863003"/>
                <normal x="0.000000" y="-0.000000" z="-1.000000"/>
            </vertex>
            <vertex>
                <position x="-0.519992" y="4.531689" z="-8.863003"/>
                <normal x="-0.000000" y="-1.000000" z="-0.000000"/>
            </vertex>
            <vertex>
                <position x="0.519992" y="4.531689" z="-8.863003"/>
                <normal x="-0.000000" y="-1.000000" z="-0.000000"/>
            </vertex>
            <vertex>
                <position x="0.519992" y="6.531689" z="-4.950020"/>
                <normal x="0.000000" y="0.000000" z="-1.000000"/>
            </vertex>
            <vertex>
                <position x="-0.519992" y="6.531689" z="-4.950020"/>
                <normal x="0.000000" y="0.000000" z="-1.000000"/>
            </vertex>
            <vertex>
                <position x="-0.519992" y="8.012154" z="-4.950020"/>
                <normal x="0.000000" y="0.000000" z="-1.000000"/>
            </vertex>
            <vertex>
                <position x="0.519992" y="8.012154" z="-4.950020"/>
                <normal x="0.000000" y="0.000000" z="-1.000000"/>
            </vertex>
            <vertex>
                <position x="0.519992" y="6.531689" z="-4.950020"/>
                <normal x="-0.000000" y="1.000000" z="-0.000000"/>
            </vertex>
            <vertex>
                <position x="0.519992" y="6.531689" z="-6.906511"/>
                <normal x="-0.000000" y="1.000000" z="-0.000000"/>
            </vertex>
            <vertex>
                <position x="-0.519992" y="6.531689" z="-6.906511"/>
                <normal x="-0.000000" y="1.000000" z="-0.000000"/>
            </vertex>
            <vertex>
                <position x="-0.519992" y="6.531689" z="-4.950020"/>
                <normal x="-0.000000" y="1.000000" z="-0.000000"/>
            </vertex>
            <vertex>
                <position x="-0.519992" y="6.531689" z="-6.906511"/>
                <normal x="0.000000" y="-0.000000" z="1.000000"/>
            </vertex>
            <vertex>
                <position x="0.519992" y="6.531689" z="-6.906511"/>
                <normal x="0.000000" y="-0.000000" z="1.000000"/>
            </vertex>
            <vertex>
                <position x="0.519992" y="7.184312" z="-6.906511"/>
                <normal x="0.000000" y="-0.000000" z="1.000000"/>
            </vertex>
            <vertex>
                <position x="-0.519992" y="7.184312" z="-6.906511"/>
                <normal x="0.000000" y="-0.000000" z="1.000000"/>
            </vertex>
            <vertex>
                <position x="0.519992" y="6.531689" z="-10.819494"/>
                <normal x="0.000000" y="0.000000" z="-1.000000"/>
            </vertex>
            <vertex>
                <position x="-0.519992" y="6.531689" z="-10.819494"/>
                <normal x="0.000000" y="0.000000" z="-1.000000"/>
            </vertex>
            <vertex>
                <position x="-0.519992" y="7.184312" z="-10.819494"/>
                <normal x="0.000000" y="0.000000" z="-1.000000"/>
            </vertex>
            <vertex>
                <position x="0.519992" y="7.184312" z="-10.819494"/>
                <normal x="0.000000" y="0.000000" z="-1.000000"/>
            </vertex>
            <vertex>
                <position x="0.519992" y="7.184312" z="-6.906511"/>
                <normal x="-0.000000" y="1.000000" z="-0.000000"/>
            </vertex>
            <vertex>
                <position x="0.519992" y="7.184312" z="-8.863003"/>
                <normal x="-0.000000" y="1.000000" z="-0.000000"/>
            </vertex>
            <vertex>
                <position x="-0.519992" y="7.184312" z="-8.863003"/>
                <normal x="-0.000000" y="1.000000" z="-0.000000"/>
            </vertex>
            <vertex>
                <position x="-0.519992" y="7.184312" z="-6.906511"/>
                <normal x="-0.000000" y="1.000000" z="-0.000000"/>
            </vertex>
            <vertex>
                <position x="0.519992" y="7.184312" z="-10.819494"/>
                <normal x="-0.000000" y="1.000000" z="-0.000000"/>
            </vertex>
            <vertex>
                <position x="-0.519992" y="7.184312" z="-10.819494"/>
                <normal x="-0.000000" y="1.000000" z="-0.000000"/>
            </vertex>
            <vertex>
                <position x="-0.519992" y="7.184312" z="-6.906511"/>
                <normal x="-1.000000" y="-0.000000" z="-0.000000"/>
            </vertex>
            <vertex>
                <position x="-0.519992" y="7.184312" z="-8.863003"/>
                <normal x="-1.000000" y="-0.000000" z="-0.000000"/>
            </vertex>
            <vertex>
                <position x="-0.519992" y="7.184312" z="-10.819494"/>
                <normal x="-1.000000" y="-0.000000" z="-0.000000"/>
            </vertex>
            <vertex>
                <position x="0.519992" y="7.184312" z="-8.863003"/>
                <normal x="1.000000" y="0.000000" z="-0.000000"/>
            </vertex>
            <vertex>
                <position x="0.519992" y="7.184312" z="-6.906511"/>
                <normal x="1.000000" y="0.000000" z="-0.000000"/>
            </vertex>
            <vertex>
                <position x="0.519992" y="7.184312" z="-10.819494"/>
                <normal x="1.000000" y="0.000000" z="-0.000000"/>
            </vertex>
            <vertex>
                <position x="0.519992" y="8.012154" z="-3.102222"/>
                <normal x="-0.000000" y="1.000000" z="-0.000000"/>
            </vertex>
            <vertex>
                <position x="0.519992" y="8.012154" z="-4.950020"/>
                <normal x="-0.000000" y="1.000000" z="-0.000000"/>
            </vertex>
            <vertex>
                <position x="-0.519992" y="8.012154" z="-4.950020"/>
                <normal x="-0.000000" y="1.000000" z="-0.000000"/>
            </vertex>
            <vertex>
                <position x="-0.519992" y="8.012154" z="-3.102222"/>
                <normal x="-0.000000" y="1.000000" z="-0.000000"/>
            </vertex>
            <vertex>
                <position x="-0.519992" y="8.012154" z="-3.102222"/>
                <normal x="-1.000000" y="-0.000000" z="-0.000000"/>
            </vertex>
            <vertex>
                <position x="-0.519992" y="8.012154" z="-4.950020"/>
                <normal x="-1.000000" y="-0.000000" z="-0.000000"/>
            </vertex>
            <vertex>
                <position x="0.519992" y="8.012154" z="-3.102222"/>
                <normal x="0.000000" y="-0.000000" z="1.000000"/>
            </vertex>
            <vertex>
                <position x="-0.519992" y="8.012154" z="-3.102222"/>
                <normal x="0.000000" y="-0.000000" z="1.000000"/>
            </vertex>
            <vertex>
                <position x="0.519992" y="8.012154" z="-4.950020"/>
                <normal x="1.000000" y="0.000000" z="-0.000000"/>
            </vertex>
            <vertex>
                <position x="0.519992" y="8.012154" z="-3.102222"/>
                <normal x="1.000000" y="0.000000" z="-0.000000"/>
            </vertex>
            <vertex>
                <position x="-0.519992" y="3.969505" z="-4.950020"/>
                <normal x="-0.000000" y="-1.000000" z="-0.000000"/>
            </vertex>
            <vertex>
                <position x="-0.519992" y="3.969505" z="-6.906511"/>
                <normal x="-0.000000" y="-1.000000" z="-0.000000"/>
            </vertex>
            <vertex>
                <position x="0.519992" y="3.969505" z="-6.906511"/>
                <normal x="-0.000000" y="-1.000000" z="-0.000000"/>
            </vertex>
            <vertex>
                <position x="0.519992" y="3.969505" z="-4.950020"/>
                <normal x="-0.000000" y="-1.000000" z="-0.000000"/>
            </vertex>
            <vertex>
                <position x="-0.519992" y="3.969505" z="-8.863003"/>
                <normal x="-0.000000" y="-1.000000" z="-0.000000"/>
            </vertex>
            <vertex>
                <position x="0.519992" y="3.969505" z="-8.863003"/>
                <normal x="-0.000000" y="-1.000000" z="-0.000000"/>
            </vertex>
            <vertex>
                <position x="0.519992" y="3.969505" z="-4.950020"/>
                <normal x="1.000000" y="-0.000000" z="-0.000000"/>
            </vertex>
            <vertex>
                <position x="0.519992" y="3.969505" z="-6.906511"/>
                <normal x="1.000000" y="-0.000000" z="-0.000000"/>
            </vertex>
            <vertex>
                <position x="0.519992" y="3.969505" z="-8.863003"/>
                <normal x="1.000000" y="-0.000000" z="-0.000000"/>
            </vertex>
            <vertex>
                <position x="-0.519992" y="3.969505" z="-6.906511"/>
                <normal x="-1.000000" y="0.000000" z="-0.000000"/>
            </vertex>
            <vertex>
                <position x="-0.519992" y="3.969505" z="-4.950020"/>
                <normal x="-1.000000" y="0.000000" z="-0.000000"/>
            </vertex>
            <vertex>
                <position x="-0.519992" y="3.969505" z="-8.863003"/>
                <normal x="-1.000000" y="0.000000" z="-0.000000"/>
            </vertex>
            <vertex>
                <position x="-0.519992" y="5.531689" z="-13.717232"/>
                <normal x="0.000000" y="1.000000" z="-0.000000"/>
            </vertex>
            <vertex>
                <position x="0.519992" y="5.531689" z="-13.717232"/>
                <normal x="0.000000" y="1.000000" z="-0.000000"/>
            </vertex>
            <vertex>
                <position x="0.519992" y="5.531689" z="-14.596172"/>
                <normal x="0.000000" y="1.000000" z="-0.000000"/>
            </vertex>
            <vertex>
                <position x="-0.519992" y="5.531689" z="-14.596172"/>
                <normal x="0.000000" y="1.000000" z="-0.000000"/>
            </vertex>
            <vertex>
                <position x="-0.519992" y="5.531689" z="-14.596172"/>
                <normal x="0.000000" y="-0.000000" z="-1.000000"/>
            </vertex>
            <vertex>
                <position x="0.519992" y="5.531689" z="-14.596172"/>
                <normal x="0.000000" y="-0.000000" z="-1.000000"/>
            </vertex>
            <vertex>
                <position x="0.519992" y="4.531689" z="-14.596172"/>
                <normal x="0.000000" y="-0.000000" z="-1.000000"/>
            </vertex>
            <vertex>
                <position x="-0.519992" y="4.531689" z="-14.596172"/>
                <normal x="0.000000" y="-0.000000" z="-1.000000"/>
            </vertex>
            <vertex>
                <position x="-0.519992" y="4.531689" z="-14.596172"/>
                <normal x="0.000000" y="-1.000000" z="0.000000"/>
            </vertex>
            <vertex>
                <position x="0.519992" y="4.531689" z="-14.596172"/>
                <normal x="0.000000" y="-1.000000" z="0.000000"/>
            </vertex>
            <vertex>
                <position x="0.519992" y="4.531689" z="-14.596172"/>
                <normal x="1.000000" y="0.000000" z="-0.000000"/>
            </vertex>
            <vertex>
                <position x="0.519992" y="5.531689" z="-14.596172"/>
                <normal x="1.000000" y="0.000000" z="-0.000000"/>
            </vertex>
            <vertex>
                <position x="-0.519992" y="5.531689" z="-14.596172"/>
                <normal x="-1.000000" y="0.000000" z="0.000000"/>
            </vertex>
            <vertex>
                <position x="-0.519992" y="4.531689" z="-14.596172"/>
                <normal x="-1.000000" y="0.000000" z="0.000000"/>
            </vertex>
        </vertexbuffer>
    </sharedgeometry>
    <submeshes>
        <submesh operationtype="triangle_list" usesharedvertices="true" material="Metal" use32bitindexes="False">
            <faces count="104">
                <face v3="2" v2="1" v1="0"/>
                <face v3="2" v2="0" v1="3"/>
                <face v3="2" v2="3" v1="4"/>
                <face v3="7" v2="6" v1="5"/>
                <face v3="8" v2="7" v1="5"/>
                <face v3="11" v2="10" v1="9"/>
                <face v3="12" v2="11" v1="9"/>
                <face v3="15" v2="14" v1="13"/>
                <face v3="16" v2="15" v1="13"/>
                <face v3="19" v2="18" v1="17"/>
                <face v3="20" v2="19" v1="17"/>
                <face v3="23" v2="22" v1="21"/>
                <face v3="24" v2="23" v1="21"/>
                <face v3="2" v2="4" v1="25"/>
                <face v3="26" v2="2" v1="25"/>
                <face v3="29" v2="28" v1="27"/>
                <face v3="29" v2="30" v1="28"/>
                <face v3="30" v2="31" v1="28"/>
                <face v3="20" v2="17" v1="32"/>
                <face v3="33" v2="20" v1="32"/>
                <face v3="36" v2="35" v1="34"/>
                <face v3="37" v2="36" v1="34"/>
                <face v3="40" v2="39" v1="38"/>
                <face v3="41" v2="40" v1="38"/>
                <face v3="42" v2="27" v1="28"/>
                <face v3="43" v2="42" v1="28"/>
                <face v3="44" v2="5" v1="6"/>
                <face v3="45" v2="44" v1="6"/>
                <face v3="46" v2="4" v1="3"/>
                <face v3="47" v2="46" v1="3"/>
                <face v3="49" v2="48" v1="28"/>
                <face v3="31" v2="49" v1="28"/>
                <face v3="51" v2="50" v1="48"/>
                <face v3="49" v2="51" v1="48"/>
                <face v3="53" v2="52" v1="50"/>
                <face v3="51" v2="53" v1="50"/>
                <face v3="12" v2="9" v1="52"/>
                <face v3="53" v2="12" v1="52"/>
                <face v3="56" v2="55" v1="54"/>
                <face v3="57" v2="56" v1="54"/>
                <face v3="59" v2="58" v1="57"/>
                <face v3="54" v2="59" v1="57"/>
                <face v3="61" v2="60" v1="58"/>
                <face v3="59" v2="61" v1="58"/>
                <face v3="26" v2="25" v1="60"/>
                <face v3="61" v2="26" v1="60"/>
                <face v3="64" v2="63" v1="62"/>
                <face v3="65" v2="64" v1="62"/>
                <face v3="68" v2="67" v1="66"/>
                <face v3="69" v2="68" v1="66"/>
                <face v3="72" v2="71" v1="70"/>
                <face v3="73" v2="72" v1="70"/>
                <face v3="33" v2="32" v1="74"/>
                <face v3="75" v2="33" v1="74"/>
                <face v3="78" v2="77" v1="76"/>
                <face v3="79" v2="78" v1="76"/>
                <face v3="82" v2="81" v1="80"/>
                <face v3="83" v2="82" v1="80"/>
                <face v3="86" v2="85" v1="84"/>
                <face v3="87" v2="86" v1="84"/>
                <face v3="90" v2="89" v1="88"/>
                <face v3="91" v2="90" v1="88"/>
                <face v3="94" v2="93" v1="92"/>
                <face v3="95" v2="94" v1="92"/>
                <face v3="97" v2="96" v1="93"/>
                <face v3="94" v2="97" v1="93"/>
                <face v3="98" v2="58" v1="60"/>
                <face v3="99" v2="98" v1="60"/>
                <face v3="99" v2="60" v1="25"/>
                <face v3="100" v2="99" v1="25"/>
                <face v3="101" v2="50" v1="52"/>
                <face v3="102" v2="101" v1="52"/>
                <face v3="103" v2="48" v1="50"/>
                <face v3="101" v2="103" v1="50"/>
                <face v3="106" v2="105" v1="104"/>
                <face v3="107" v2="106" v1="104"/>
                <face v3="108" v2="56" v1="57"/>
                <face v3="109" v2="108" v1="57"/>
                <face v3="110" v2="15" v1="16"/>
                <face v3="111" v2="110" v1="16"/>
                <face v3="112" v2="9" v1="10"/>
                <face v3="113" v2="112" v1="10"/>
                <face v3="116" v2="115" v1="114"/>
                <face v3="117" v2="116" v1="114"/>
                <face v3="119" v2="118" v1="115"/>
                <face v3="116" v2="119" v1="115"/>
                <face v3="120" v2="12" v1="53"/>
                <face v3="121" v2="120" v1="53"/>
                <face v3="121" v2="53" v1="51"/>
                <face v3="122" v2="121" v1="51"/>
                <face v3="123" v2="59" v1="54"/>
                <face v3="124" v2="123" v1="54"/>
                <face v3="125" v2="61" v1="59"/>
                <face v3="123" v2="125" v1="59"/>
                <face v3="128" v2="127" v1="126"/>
                <face v3="129" v2="128" v1="126"/>
                <face v3="132" v2="131" v1="130"/>
                <face v3="133" v2="132" v1="130"/>
                <face v3="134" v2="18" v1="19"/>
                <face v3="135" v2="134" v1="19"/>
                <face v3="136" v2="30" v1="29"/>
                <face v3="137" v2="136" v1="29"/>
                <face v3="138" v2="0" v1="1"/>
                <face v3="139" v2="138" v1="1"/>
            </faces>
        </submesh>
    </submeshes>
    <submeshnames>
        <submesh index="0" name="Metal">
        </submesh>
    </submeshnames>
    <skeletonlink name="Cube.000.skeleton"/>
    <boneassignments>
        <vertexboneassignment vertexindex="0" weight="1.0" boneindex="14"/>
        <vertexboneassignment vertexindex="1" weight="1.0" boneindex="14"/>
        <vertexboneassignment vertexindex="2" weight="1.0" boneindex="14"/>
        <vertexboneassignment vertexindex="3" weight="1.0" boneindex="14"/>
        <vertexboneassignment vertexindex="4" weight="1.0" boneindex="14"/>
        <vertexboneassignment vertexindex="5" weight="1.0" boneindex="14"/>
        <vertexboneassignment vertexindex="6" weight="1.0" boneindex="14"/>
        <vertexboneassignment vertexindex="7" weight="1.0" boneindex="14"/>
        <vertexboneassignment vertexindex="8" weight="1.0" boneindex="14"/>
        <vertexboneassignment vertexindex="9" weight="1.0" boneindex="14"/>
        <vertexboneassignment vertexindex="10" weight="1.0" boneindex="14"/>
        <vertexboneassignment vertexindex="11" weight="0.9999998211860657" boneindex="14"/>
        <vertexboneassignment vertexindex="12" weight="1.0" boneindex="14"/>
        <vertexboneassignment vertexindex="13" weight="1.0" boneindex="14"/>
        <vertexboneassignment vertexindex="14" weight="0.9999998211860657" boneindex="14"/>
        <vertexboneassignment vertexindex="15" weight="1.0" boneindex="14"/>
        <vertexboneassignment vertexindex="16" weight="1.0" boneindex="14"/>
        <vertexboneassignment vertexindex="17" weight="1.0" boneindex="14"/>
        <vertexboneassignment vertexindex="18" weight="1.0" boneindex="14"/>
        <vertexboneassignment vertexindex="19" weight="1.0" boneindex="14"/>
        <vertexboneassignment vertexindex="20" weight="1.0" boneindex="14"/>
        <vertexboneassignment vertexindex="21" weight="1.0" boneindex="14"/>
        <vertexboneassignment vertexindex="22" weight="1.0" boneindex="14"/>
        <vertexboneassignment vertexindex="23" weight="1.0" boneindex="14"/>
        <vertexboneassignment vertexindex="24" weight="1.0" boneindex="14"/>
        <vertexboneassignment vertexindex="25" weight="1.0" boneindex="14"/>
        <vertexboneassignment vertexindex="26" weight="1.0" boneindex="14"/>
        <vertexboneassignment vertexindex="27" weight="1.0" boneindex="14"/>
        <vertexboneassignment vertexindex="28" weight="1.0" boneindex="14"/>
        <vertexboneassignment vertexindex="29" weight="1.0" boneindex="14"/>
        <vertexboneassignment vertexindex="30" weight="1.0" boneindex="14"/>
        <vertexboneassignment vertexindex="31" weight="1.0" boneindex="14"/>
        <vertexboneassignment vertexindex="32" weight="1.0" boneindex="14"/>
        <vertexboneassignment vertexindex="33" weight="1.0" boneindex="14"/>
        <vertexboneassignment vertexindex="34" weight="1.0" boneindex="14"/>
        <vertexboneassignment vertexindex="35" weight="1.0" boneindex="14"/>
        <vertexboneassignment vertexindex="36" weight="1.0" boneindex="14"/>
        <vertexboneassignment vertexindex="37" weight="1.0" boneindex="14"/>
        <vertexboneassignment vertexindex="38" weight="1.0" boneindex="14"/>
        <vertexboneassignment vertexindex="39" weight="1.0" boneindex="14"/>
        <vertexboneassignment vertexindex="40" weight="1.0" boneindex="14"/>
        <vertexboneassignment vertexindex="41" weight="1.0" boneindex="14"/>
        <vertexboneassignment vertexindex="42" weight="1.0" boneindex="14"/>
        <vertexboneassignment vertexindex="43" weight="1.0" boneindex="14"/>
        <vertexboneassignment vertexindex="44" weight="1.0" boneindex="14"/>
        <vertexboneassignment vertexindex="45" weight="1.0" boneindex="14"/>
        <vertexboneassignment vertexindex="46" weight="1.0" boneindex="14"/>
        <vertexboneassignment vertexindex="47" weight="1.0" boneindex="14"/>
        <vertexboneassignment vertexindex="48" weight="1.0" boneindex="14"/>
        <vertexboneassignment vertexindex="49" weight="1.0" boneindex="14"/>
        <vertexboneassignment vertexindex="50" weight="1.0" boneindex="14"/>
        <vertexboneassignment vertexindex="51" weight="1.0" boneindex="14"/>
        <vertexboneassignment vertexindex="52" weight="1.0" boneindex="14"/>
        <vertexboneassignment vertexindex="53" weight="1.0" boneindex="14"/>
        <vertexboneassignment vertexindex="54" weight="1.0" boneindex="14"/>
        <vertexboneassignment vertexindex="55" weight="1.0" boneindex="14"/>
        <vertexboneassignment vertexindex="56" weight="1.0" boneindex="14"/>
        <vertexboneassignment vertexindex="57" weight="1.0" boneindex="14"/>
        <vertexboneassignment vertexindex="58" weight="1.0" boneindex="14"/>
        <vertexboneassignment vertexindex="59" weight="1.0" boneindex="14"/>
        <vertexboneassignment vertexindex="60" weight="1.0" boneindex="14"/>
        <vertexboneassignment vertexindex="61" weight="1.0" boneindex="14"/>
        <vertexboneassignment vertexindex="62" weight="1.0" boneindex="14"/>
        <vertexboneassignment vertexindex="63" weight="1.0" boneindex="14"/>
        <vertexboneassignment vertexindex="64" weight="1.0" boneindex="14"/>
        <vertexboneassignment vertexindex="65" weight="0.9999998211860657" boneindex="14"/>
        <vertexboneassignment vertexindex="66" weight="1.0" boneindex="14"/>
        <vertexboneassignment vertexindex="67" weight="1.0" boneindex="14"/>
        <vertexboneassignment vertexindex="68" weight="1.0" boneindex="14"/>
        <vertexboneassignment vertexindex="69" weight="1.0" boneindex="14"/>
        <vertexboneassignment vertexindex="70" weight="1.0" boneindex="14"/>
        <vertexboneassignment vertexindex="71" weight="1.0" boneindex="14"/>
        <vertexboneassignment vertexindex="72" weight="1.0" boneindex="14"/>
        <vertexboneassignment vertexindex="73" weight="1.0" boneindex="14"/>
        <vertexboneassignment vertexindex="74" weight="1.0" boneindex="14"/>
        <vertexboneassignment vertexindex="75" weight="1.0" boneindex="14"/>
        <vertexboneassignment vertexindex="76" weight="1.0" boneindex="14"/>
        <vertexboneassignment vertexindex="77" weight="1.0" boneindex="14"/>
        <vertexboneassignment vertexindex="78" weight="1.0" boneindex="14"/>
        <vertexboneassignment vertexindex="79" weight="1.0" boneindex="14"/>
        <vertexboneassignment vertexindex="80" weight="1.0" boneindex="14"/>
        <vertexboneassignment vertexindex="81" weight="1.0" boneindex="14"/>
        <vertexboneassignment vertexindex="82" weight="1.0" boneindex="14"/>
        <vertexboneassignment vertexindex="83" weight="1.0" boneindex="14"/>
        <vertexboneassignment vertexindex="84" weight="1.0" boneindex="14"/>
        <vertexboneassignment vertexindex="85" weight="1.0" boneindex="14"/>
        <vertexboneassignment vertexindex="86" weight="1.0" boneindex="14"/>
        <vertexboneassignment vertexindex="87" weight="1.0" boneindex="14"/>
        <vertexboneassignment vertexindex="88" weight="1.0" boneindex="14"/>
        <vertexboneassignment vertexindex="89" weight="1.0" boneindex="14"/>
        <vertexboneassignment vertexindex="90" weight="1.0" boneindex="14"/>
        <vertexboneassignment vertexindex="91" weight="1.0" boneindex="14"/>
        <vertexboneassignment vertexindex="92" weight="1.0" boneindex="14"/>
        <vertexboneassignment vertexindex="93" weight="1.0" boneindex="14"/>
        <vertexboneassignment vertexindex="94" weight="1.0" boneindex="14"/>
        <vertexboneassignment vertexindex="95" weight="1.0" boneindex="14"/>
        <vertexboneassignment vertexindex="96" weight="1.0" boneindex="14"/>
        <vertexboneassignment vertexindex="97" weight="1.0" boneindex="14"/>
        <vertexboneassignment vertexindex="98" weight="1.0" boneindex="14"/>
        <vertexboneassignment vertexindex="99" weight="1.0" boneindex="14"/>
        <vertexboneassignment vertexindex="100" weight="1.0" boneindex="14"/>
        <vertexboneassignment vertexindex="101" weight="1.0" boneindex="14"/>
        <vertexboneassignment vertexindex="102" weight="1.0" boneindex="14"/>
        <vertexboneassignment vertexindex="103" weight="1.0" boneindex="14"/>
        <vertexboneassignment vertexindex="104" weight="1.0" boneindex="14"/>
        <vertexboneassignment vertexindex="105" weight="1.0" boneindex="14"/>
        <vertexboneassignment vertexindex="106" weight="1.0" boneindex="14"/>
        <vertexboneassignment vertexindex="107" weight="1.0" boneindex="14"/>
        <vertexboneassignment vertexindex="108" weight="1.0" boneindex="14"/>
        <vertexboneassignment vertexindex="109" weight="1.0" boneindex="14"/>
        <vertexboneassignment vertexindex="110" weight="1.0" boneindex="14"/>
        <vertexboneassignment vertexindex="111" weight="1.0" boneindex="14"/>
        <vertexboneassignment vertexindex="112" weight="1.0" boneindex="14"/>
        <vertexboneassignment vertexindex="113" weight="1.0" boneindex="14"/>
        <vertexboneassignment vertexindex="114" weight="1.0" boneindex="14"/>
        <vertexboneassignment vertexindex="115" weight="1.0" boneindex="14"/>
        <vertexboneassignment vertexindex="116" weight="1.0" boneindex="14"/>
        <vertexboneassignment vertexindex="117" weight="1.0" boneindex="14"/>
        <vertexboneassignment vertexindex="118" weight="1.0" boneindex="14"/>
        <vertexboneassignment vertexindex="119" weight="1.0" boneindex="14"/>
        <vertexboneassignment vertexindex="120" weight="1.0" boneindex="14"/>
        <vertexboneassignment vertexindex="121" weight="1.0" boneindex="14"/>
        <vertexboneassignment vertexindex="122" weight="1.0" boneindex="14"/>
        <vertexboneassignment vertexindex="123" weight="1.0" boneindex="14"/>
        <vertexboneassignment vertexindex="124" weight="1.0" boneindex="14"/>
        <vertexboneassignment vertexindex="125" weight="1.0" boneindex="14"/>
        <vertexboneassignment vertexindex="126" weight="1.0" boneindex="14"/>
        <vertexboneassignment vertexindex="127" weight="1.0" boneindex="14"/>
        <vertexboneassignment vertexindex="128" weight="1.0" boneindex="14"/>
        <vertexboneassignment vertexindex="129" weight="1.0" boneindex="14"/>
        <vertexboneassignment vertexindex="130" weight="1.0" boneindex="14"/>
        <vertexboneassignment vertexindex="131" weight="1.0" boneindex="14"/>
        <vertexboneassignment vertexindex="132" weight="1.0" boneindex="14"/>
        <vertexboneassignment vertexindex="133" weight="1.0" boneindex="14"/>
        <vertexboneassignment vertexindex="134" weight="1.0" boneindex="14"/>
        <vertexboneassignment vertexindex="135" weight="1.0" boneindex="14"/>
        <vertexboneassignment vertexindex="136" weight="1.0" boneindex="14"/>
        <vertexboneassignment vertexindex="137" weight="1.0" boneindex="14"/>
        <vertexboneassignment vertexindex="138" weight="1.0" boneindex="14"/>
        <vertexboneassignment vertexindex="139" weight="1.0" boneindex="14"/>
    </boneassignments>
</mesh>