<?xml version="1.0" encoding="UTF-8"?>
<mesh>
    <sharedgeometry vertexcount="137">
        <vertexbuffer colours_diffuse="False" positions="true" texture_coords="0" normals="true">
            <vertex>
                <position y="-1.000000" x="-0.382682" z="-0.923880"/>
                <normal y="0.445488" x="-0.259887" z="-0.856737"/>
            </vertex>
            <vertex>
                <position y="1.000000" x="0.000000" z="-0.000000"/>
                <normal y="0.445488" x="-0.259887" z="-0.856737"/>
            </vertex>
            <vertex>
                <position y="-1.000000" x="-0.195089" z="-0.980786"/>
                <normal y="0.445488" x="-0.259887" z="-0.856737"/>
            </vertex>
            <vertex>
                <position y="-1.000000" x="0.000000" z="-1.000000"/>
                <normal y="0.445488" x="0.087754" z="-0.890977"/>
            </vertex>
            <vertex>
                <position y="1.000000" x="0.000000" z="-0.000000"/>
                <normal y="0.445488" x="0.087754" z="-0.890977"/>
            </vertex>
            <vertex>
                <position y="-1.000000" x="0.195090" z="-0.980785"/>
                <normal y="0.445488" x="0.087754" z="-0.890977"/>
            </vertex>
            <vertex>
                <position y="1.000000" x="0.000000" z="-0.000000"/>
                <normal y="0.445488" x="-0.087753" z="-0.890977"/>
            </vertex>
            <vertex>
                <position y="-1.000000" x="0.000000" z="-1.000000"/>
                <normal y="0.445488" x="-0.087753" z="-0.890977"/>
            </vertex>
            <vertex>
                <position y="-1.000000" x="-0.195089" z="-0.980786"/>
                <normal y="0.445488" x="-0.087753" z="-0.890977"/>
            </vertex>
            <vertex>
                <position y="-1.000000" x="0.195090" z="-0.980785"/>
                <normal y="0.445488" x="0.259888" z="-0.856737"/>
            </vertex>
            <vertex>
                <position y="1.000000" x="0.000000" z="-0.000000"/>
                <normal y="0.445488" x="0.259888" z="-0.856737"/>
            </vertex>
            <vertex>
                <position y="-1.000000" x="0.382683" z="-0.923880"/>
                <normal y="0.445488" x="0.259888" z="-0.856737"/>
            </vertex>
            <vertex>
                <position y="-1.000000" x="-0.555569" z="-0.831470"/>
                <normal y="0.445488" x="-0.422035" z="-0.789574"/>
            </vertex>
            <vertex>
                <position y="1.000000" x="0.000000" z="-0.000000"/>
                <normal y="0.445488" x="-0.422035" z="-0.789574"/>
            </vertex>
            <vertex>
                <position y="-1.000000" x="-0.382682" z="-0.923880"/>
                <normal y="0.445488" x="-0.422035" z="-0.789574"/>
            </vertex>
            <vertex>
                <position y="-1.000000" x="-0.707106" z="-0.707108"/>
                <normal y="0.445488" x="-0.567964" z="-0.692067"/>
            </vertex>
            <vertex>
                <position y="1.000000" x="0.000000" z="-0.000000"/>
                <normal y="0.445488" x="-0.567964" z="-0.692067"/>
            </vertex>
            <vertex>
                <position y="-1.000000" x="-0.555569" z="-0.831470"/>
                <normal y="0.445488" x="-0.567964" z="-0.692067"/>
            </vertex>
            <vertex>
                <position y="-1.000000" x="-0.831469" z="-0.555571"/>
                <normal y="0.445488" x="-0.692066" z="-0.567965"/>
            </vertex>
            <vertex>
                <position y="1.000000" x="0.000000" z="-0.000000"/>
                <normal y="0.445488" x="-0.692066" z="-0.567965"/>
            </vertex>
            <vertex>
                <position y="-1.000000" x="-0.707106" z="-0.707108"/>
                <normal y="0.445488" x="-0.692066" z="-0.567965"/>
            </vertex>
            <vertex>
                <position y="-1.000000" x="-0.923879" z="-0.382684"/>
                <normal y="0.445488" x="-0.789573" z="-0.422037"/>
            </vertex>
            <vertex>
                <position y="1.000000" x="0.000000" z="-0.000000"/>
                <normal y="0.445488" x="-0.789573" z="-0.422037"/>
            </vertex>
            <vertex>
                <position y="-1.000000" x="-0.831469" z="-0.555571"/>
                <normal y="0.445488" x="-0.789573" z="-0.422037"/>
            </vertex>
            <vertex>
                <position y="-1.000000" x="-0.980785" z="-0.195091"/>
                <normal y="0.445488" x="-0.856737" z="-0.259889"/>
            </vertex>
            <vertex>
                <position y="1.000000" x="0.000000" z="-0.000000"/>
                <normal y="0.445488" x="-0.856737" z="-0.259889"/>
            </vertex>
            <vertex>
                <position y="-1.000000" x="-0.923879" z="-0.382684"/>
                <normal y="0.445488" x="-0.856737" z="-0.259889"/>
            </vertex>
            <vertex>
                <position y="-1.000000" x="-1.000000" z="-0.000001"/>
                <normal y="0.445488" x="-0.890977" z="-0.087754"/>
            </vertex>
            <vertex>
                <position y="1.000000" x="0.000000" z="-0.000000"/>
                <normal y="0.445488" x="-0.890977" z="-0.087754"/>
            </vertex>
            <vertex>
                <position y="-1.000000" x="-0.980785" z="-0.195091"/>
                <normal y="0.445488" x="-0.890977" z="-0.087754"/>
            </vertex>
            <vertex>
                <position y="-1.000000" x="-0.980785" z="0.195089"/>
                <normal y="0.445488" x="-0.890977" z="0.087753"/>
            </vertex>
            <vertex>
                <position y="1.000000" x="0.000000" z="-0.000000"/>
                <normal y="0.445488" x="-0.890977" z="0.087753"/>
            </vertex>
            <vertex>
                <position y="-1.000000" x="-1.000000" z="-0.000001"/>
                <normal y="0.445488" x="-0.890977" z="0.087753"/>
            </vertex>
            <vertex>
                <position y="-1.000000" x="-0.923880" z="0.382683"/>
                <normal y="0.445488" x="-0.856737" z="0.259887"/>
            </vertex>
            <vertex>
                <position y="1.000000" x="0.000000" z="-0.000000"/>
                <normal y="0.445488" x="-0.856737" z="0.259887"/>
            </vertex>
            <vertex>
                <position y="-1.000000" x="-0.980785" z="0.195089"/>
                <normal y="0.445488" x="-0.856737" z="0.259887"/>
            </vertex>
            <vertex>
                <position y="-1.000000" x="-0.831470" z="0.555570"/>
                <normal y="0.445488" x="-0.789574" z="0.422035"/>
            </vertex>
            <vertex>
                <position y="1.000000" x="0.000000" z="-0.000000"/>
                <normal y="0.445488" x="-0.789574" z="0.422035"/>
            </vertex>
            <vertex>
                <position y="-1.000000" x="-0.923880" z="0.382683"/>
                <normal y="0.445488" x="-0.789574" z="0.422035"/>
            </vertex>
            <vertex>
                <position y="-1.000000" x="-0.707107" z="0.707106"/>
                <normal y="0.445488" x="-0.692067" z="0.567964"/>
            </vertex>
            <vertex>
                <position y="1.000000" x="0.000000" z="-0.000000"/>
                <normal y="0.445488" x="-0.692067" z="0.567964"/>
            </vertex>
            <vertex>
                <position y="-1.000000" x="-0.831470" z="0.555570"/>
                <normal y="0.445488" x="-0.692067" z="0.567964"/>
            </vertex>
            <vertex>
                <position y="-1.000000" x="-0.555571" z="0.831469"/>
                <normal y="0.445488" x="-0.567965" z="0.692066"/>
            </vertex>
            <vertex>
                <position y="1.000000" x="0.000000" z="-0.000000"/>
                <normal y="0.445488" x="-0.567965" z="0.692066"/>
            </vertex>
            <vertex>
                <position y="-1.000000" x="-0.707107" z="0.707106"/>
                <normal y="0.445488" x="-0.567965" z="0.692066"/>
            </vertex>
            <vertex>
                <position y="-1.000000" x="-0.382684" z="0.923879"/>
                <normal y="0.445488" x="-0.422036" z="0.789573"/>
            </vertex>
            <vertex>
                <position y="1.000000" x="0.000000" z="-0.000000"/>
                <normal y="0.445488" x="-0.422036" z="0.789573"/>
            </vertex>
            <vertex>
                <position y="-1.000000" x="-0.555571" z="0.831469"/>
                <normal y="0.445488" x="-0.422036" z="0.789573"/>
            </vertex>
            <vertex>
                <position y="-1.000000" x="-0.195091" z="0.980785"/>
                <normal y="0.445488" x="-0.259889" z="0.856737"/>
            </vertex>
            <vertex>
                <position y="1.000000" x="0.000000" z="-0.000000"/>
                <normal y="0.445488" x="-0.259889" z="0.856737"/>
            </vertex>
            <vertex>
                <position y="-1.000000" x="-0.382684" z="0.923879"/>
                <normal y="0.445488" x="-0.259889" z="0.856737"/>
            </vertex>
            <vertex>
                <position y="-1.000000" x="-0.000000" z="1.000000"/>
                <normal y="0.445488" x="-0.087754" z="0.890977"/>
            </vertex>
            <vertex>
                <position y="1.000000" x="0.000000" z="-0.000000"/>
                <normal y="0.445488" x="-0.087754" z="0.890977"/>
            </vertex>
            <vertex>
                <position y="-1.000000" x="-0.195091" z="0.980785"/>
                <normal y="0.445488" x="-0.087754" z="0.890977"/>
            </vertex>
            <vertex>
                <position y="-1.000000" x="0.195090" z="0.980785"/>
                <normal y="0.445488" x="0.087753" z="0.890977"/>
            </vertex>
            <vertex>
                <position y="1.000000" x="0.000000" z="-0.000000"/>
                <normal y="0.445488" x="0.087753" z="0.890977"/>
            </vertex>
            <vertex>
                <position y="-1.000000" x="-0.000000" z="1.000000"/>
                <normal y="0.445488" x="0.087753" z="0.890977"/>
            </vertex>
            <vertex>
                <position y="-1.000000" x="0.382683" z="0.923880"/>
                <normal y="0.445488" x="0.259888" z="0.856737"/>
            </vertex>
            <vertex>
                <position y="1.000000" x="0.000000" z="-0.000000"/>
                <normal y="0.445488" x="0.259888" z="0.856737"/>
            </vertex>
            <vertex>
                <position y="-1.000000" x="0.195090" z="0.980785"/>
                <normal y="0.445488" x="0.259888" z="0.856737"/>
            </vertex>
            <vertex>
                <position y="-1.000000" x="0.555570" z="0.831470"/>
                <normal y="0.445488" x="0.422036" z="0.789573"/>
            </vertex>
            <vertex>
                <position y="1.000000" x="0.000000" z="-0.000000"/>
                <normal y="0.445488" x="0.422036" z="0.789573"/>
            </vertex>
            <vertex>
                <position y="-1.000000" x="0.382683" z="0.923880"/>
                <normal y="0.445488" x="0.422036" z="0.789573"/>
            </vertex>
            <vertex>
                <position y="-1.000000" x="0.707107" z="0.707107"/>
                <normal y="0.445488" x="0.567965" z="0.692067"/>
            </vertex>
            <vertex>
                <position y="1.000000" x="0.000000" z="-0.000000"/>
                <normal y="0.445488" x="0.567965" z="0.692067"/>
            </vertex>
            <vertex>
                <position y="-1.000000" x="0.555570" z="0.831470"/>
                <normal y="0.445488" x="0.567965" z="0.692067"/>
            </vertex>
            <vertex>
                <position y="-1.000000" x="0.831470" z="0.555570"/>
                <normal y="0.445488" x="0.692067" z="0.567965"/>
            </vertex>
            <vertex>
                <position y="1.000000" x="0.000000" z="-0.000000"/>
                <normal y="0.445488" x="0.692067" z="0.567965"/>
            </vertex>
            <vertex>
                <position y="-1.000000" x="0.707107" z="0.707107"/>
                <normal y="0.445488" x="0.692067" z="0.567965"/>
            </vertex>
            <vertex>
                <position y="-1.000000" x="0.923880" z="0.382683"/>
                <normal y="0.445488" x="0.789573" z="0.422035"/>
            </vertex>
            <vertex>
                <position y="1.000000" x="0.000000" z="-0.000000"/>
                <normal y="0.445488" x="0.789573" z="0.422035"/>
            </vertex>
            <vertex>
                <position y="-1.000000" x="0.831470" z="0.555570"/>
                <normal y="0.445488" x="0.789573" z="0.422035"/>
            </vertex>
            <vertex>
                <position y="-1.000000" x="0.980785" z="0.195090"/>
                <normal y="0.445488" x="0.856737" z="0.259888"/>
            </vertex>
            <vertex>
                <position y="1.000000" x="0.000000" z="-0.000000"/>
                <normal y="0.445488" x="0.856737" z="0.259888"/>
            </vertex>
            <vertex>
                <position y="-1.000000" x="0.923880" z="0.382683"/>
                <normal y="0.445488" x="0.856737" z="0.259888"/>
            </vertex>
            <vertex>
                <position y="-1.000000" x="1.000000" z="-0.000000"/>
                <normal y="0.445488" x="0.890977" z="0.087753"/>
            </vertex>
            <vertex>
                <position y="1.000000" x="0.000000" z="-0.000000"/>
                <normal y="0.445488" x="0.890977" z="0.087753"/>
            </vertex>
            <vertex>
                <position y="-1.000000" x="0.980785" z="0.195090"/>
                <normal y="0.445488" x="0.890977" z="0.087753"/>
            </vertex>
            <vertex>
                <position y="-1.000000" x="0.980785" z="-0.195090"/>
                <normal y="0.445488" x="0.890977" z="-0.087754"/>
            </vertex>
            <vertex>
                <position y="1.000000" x="0.000000" z="-0.000000"/>
                <normal y="0.445488" x="0.890977" z="-0.087754"/>
            </vertex>
            <vertex>
                <position y="-1.000000" x="1.000000" z="-0.000000"/>
                <normal y="0.445488" x="0.890977" z="-0.087754"/>
            </vertex>
            <vertex>
                <position y="-1.000000" x="0.923880" z="-0.382683"/>
                <normal y="0.445488" x="0.856737" z="-0.259888"/>
            </vertex>
            <vertex>
                <position y="1.000000" x="0.000000" z="-0.000000"/>
                <normal y="0.445488" x="0.856737" z="-0.259888"/>
            </vertex>
            <vertex>
                <position y="-1.000000" x="0.980785" z="-0.195090"/>
                <normal y="0.445488" x="0.856737" z="-0.259888"/>
            </vertex>
            <vertex>
                <position y="-1.000000" x="0.831470" z="-0.555570"/>
                <normal y="0.445488" x="0.789573" z="-0.422036"/>
            </vertex>
            <vertex>
                <position y="1.000000" x="0.000000" z="-0.000000"/>
                <normal y="0.445488" x="0.789573" z="-0.422036"/>
            </vertex>
            <vertex>
                <position y="-1.000000" x="0.923880" z="-0.382683"/>
                <normal y="0.445488" x="0.789573" z="-0.422036"/>
            </vertex>
            <vertex>
                <position y="-1.000000" x="0.707107" z="-0.707107"/>
                <normal y="0.445488" x="0.692067" z="-0.567965"/>
            </vertex>
            <vertex>
                <position y="1.000000" x="0.000000" z="-0.000000"/>
                <normal y="0.445488" x="0.692067" z="-0.567965"/>
            </vertex>
            <vertex>
                <position y="-1.000000" x="0.831470" z="-0.555570"/>
                <normal y="0.445488" x="0.692067" z="-0.567965"/>
            </vertex>
            <vertex>
                <position y="-1.000000" x="0.555570" z="-0.831470"/>
                <normal y="0.445488" x="0.567965" z="-0.692067"/>
            </vertex>
            <vertex>
                <position y="1.000000" x="0.000000" z="-0.000000"/>
                <normal y="0.445488" x="0.567965" z="-0.692067"/>
            </vertex>
            <vertex>
                <position y="-1.000000" x="0.707107" z="-0.707107"/>
                <normal y="0.445488" x="0.567965" z="-0.692067"/>
            </vertex>
            <vertex>
                <position y="-1.000000" x="0.382683" z="-0.923880"/>
                <normal y="0.445488" x="0.422036" z="-0.789573"/>
            </vertex>
            <vertex>
                <position y="1.000000" x="0.000000" z="-0.000000"/>
                <normal y="0.445488" x="0.422036" z="-0.789573"/>
            </vertex>
            <vertex>
                <position y="-1.000000" x="0.555570" z="-0.831470"/>
                <normal y="0.445488" x="0.422036" z="-0.789573"/>
            </vertex>
            <vertex>
                <position y="-1.000000" x="0.000000" z="-1.000000"/>
                <normal y="-1.000000" x="0.000000" z="-0.000000"/>
            </vertex>
            <vertex>
                <position y="-1.000000" x="0.195090" z="-0.980785"/>
                <normal y="-1.000000" x="0.000000" z="-0.000000"/>
            </vertex>
            <vertex>
                <position y="-1.000000" x="-0.195089" z="-0.980786"/>
                <normal y="-1.000000" x="0.000000" z="-0.000000"/>
            </vertex>
            <vertex>
                <position y="-1.000000" x="-0.382682" z="-0.923880"/>
                <normal y="-1.000000" x="0.000000" z="0.000000"/>
            </vertex>
            <vertex>
                <position y="-1.000000" x="0.382683" z="-0.923880"/>
                <normal y="-1.000000" x="0.000000" z="-0.000000"/>
            </vertex>
            <vertex>
                <position y="-1.000000" x="-0.555569" z="-0.831470"/>
                <normal y="-1.000000" x="0.000000" z="0.000000"/>
            </vertex>
            <vertex>
                <position y="-1.000000" x="0.555570" z="-0.831470"/>
                <normal y="-1.000000" x="0.000000" z="-0.000000"/>
            </vertex>
            <vertex>
                <position y="-1.000000" x="-0.707106" z="-0.707108"/>
                <normal y="-1.000000" x="0.000000" z="0.000000"/>
            </vertex>
            <vertex>
                <position y="-1.000000" x="0.555570" z="-0.831470"/>
                <normal y="-1.000000" x="0.000000" z="-0.000000"/>
            </vertex>
            <vertex>
                <position y="-1.000000" x="0.707107" z="-0.707107"/>
                <normal y="-1.000000" x="0.000000" z="-0.000000"/>
            </vertex>
            <vertex>
                <position y="-1.000000" x="-0.707106" z="-0.707108"/>
                <normal y="-1.000000" x="0.000000" z="-0.000000"/>
            </vertex>
            <vertex>
                <position y="-1.000000" x="0.707107" z="-0.707107"/>
                <normal y="-1.000000" x="0.000000" z="0.000000"/>
            </vertex>
            <vertex>
                <position y="-1.000000" x="-0.831469" z="-0.555571"/>
                <normal y="-1.000000" x="0.000000" z="0.000000"/>
            </vertex>
            <vertex>
                <position y="-1.000000" x="0.831470" z="-0.555570"/>
                <normal y="-1.000000" x="0.000000" z="-0.000000"/>
            </vertex>
            <vertex>
                <position y="-1.000000" x="-0.923879" z="-0.382684"/>
                <normal y="-1.000000" x="0.000000" z="0.000000"/>
            </vertex>
            <vertex>
                <position y="-1.000000" x="0.923880" z="-0.382683"/>
                <normal y="-1.000000" x="0.000000" z="-0.000000"/>
            </vertex>
            <vertex>
                <position y="-1.000000" x="-0.980785" z="-0.195091"/>
                <normal y="-1.000000" x="0.000000" z="0.000000"/>
            </vertex>
            <vertex>
                <position y="-1.000000" x="0.980785" z="-0.195090"/>
                <normal y="-1.000000" x="0.000000" z="-0.000000"/>
            </vertex>
            <vertex>
                <position y="-1.000000" x="-1.000000" z="-0.000001"/>
                <normal y="-1.000000" x="0.000000" z="0.000000"/>
            </vertex>
            <vertex>
                <position y="-1.000000" x="1.000000" z="-0.000000"/>
                <normal y="-1.000000" x="0.000000" z="-0.000000"/>
            </vertex>
            <vertex>
                <position y="-1.000000" x="1.000000" z="-0.000000"/>
                <normal y="-1.000000" x="0.000000" z="-0.000000"/>
            </vertex>
            <vertex>
                <position y="-1.000000" x="-0.980785" z="0.195089"/>
                <normal y="-1.000000" x="0.000000" z="-0.000000"/>
            </vertex>
            <vertex>
                <position y="-1.000000" x="-1.000000" z="-0.000001"/>
                <normal y="-1.000000" x="0.000000" z="-0.000000"/>
            </vertex>
            <vertex>
                <position y="-1.000000" x="0.980785" z="0.195090"/>
                <normal y="-1.000000" x="0.000000" z="-0.000000"/>
            </vertex>
            <vertex>
                <position y="-1.000000" x="-0.980785" z="0.195089"/>
                <normal y="-1.000000" x="0.000000" z="-0.000000"/>
            </vertex>
            <vertex>
                <position y="-1.000000" x="-0.923880" z="0.382683"/>
                <normal y="-1.000000" x="0.000000" z="-0.000000"/>
            </vertex>
            <vertex>
                <position y="-1.000000" x="0.923880" z="0.382683"/>
                <normal y="-1.000000" x="0.000000" z="-0.000000"/>
            </vertex>
            <vertex>
                <position y="-1.000000" x="-0.831470" z="0.555570"/>
                <normal y="-1.000000" x="0.000000" z="-0.000000"/>
            </vertex>
            <vertex>
                <position y="-1.000000" x="0.831470" z="0.555570"/>
                <normal y="-1.000000" x="0.000000" z="-0.000000"/>
            </vertex>
            <vertex>
                <position y="-1.000000" x="-0.707107" z="0.707106"/>
                <normal y="-1.000000" x="0.000000" z="-0.000000"/>
            </vertex>
            <vertex>
                <position y="-1.000000" x="0.707107" z="0.707107"/>
                <normal y="-1.000000" x="0.000000" z="-0.000000"/>
            </vertex>
            <vertex>
                <position y="-1.000000" x="-0.555571" z="0.831469"/>
                <normal y="-1.000000" x="0.000000" z="-0.000000"/>
            </vertex>
            <vertex>
                <position y="-1.000000" x="0.555570" z="0.831470"/>
                <normal y="-1.000000" x="0.000000" z="-0.000000"/>
            </vertex>
            <vertex>
                <position y="-1.000000" x="-0.382684" z="0.923879"/>
                <normal y="-1.000000" x="0.000000" z="-0.000000"/>
            </vertex>
            <vertex>
                <position y="-1.000000" x="0.382683" z="0.923880"/>
                <normal y="-1.000000" x="0.000000" z="-0.000000"/>
            </vertex>
            <vertex>
                <position y="-1.000000" x="-0.195091" z="0.980785"/>
                <normal y="-1.000000" x="0.000000" z="-0.000000"/>
            </vertex>
            <vertex>
                <position y="-1.000000" x="0.382683" z="0.923880"/>
                <normal y="-1.000000" x="0.000000" z="-0.000000"/>
            </vertex>
            <vertex>
                <position y="-1.000000" x="0.195090" z="0.980785"/>
                <normal y="-1.000000" x="0.000000" z="-0.000000"/>
            </vertex>
            <vertex>
                <position y="-1.000000" x="-0.195091" z="0.980785"/>
                <normal y="-1.000000" x="0.000000" z="-0.000000"/>
            </vertex>
            <vertex>
                <position y="-1.000000" x="0.195090" z="0.980785"/>
                <normal y="-1.000000" x="0.000000" z="-0.000000"/>
            </vertex>
            <vertex>
                <position y="-1.000000" x="-0.000000" z="1.000000"/>
                <normal y="-1.000000" x="0.000000" z="-0.000000"/>
            </vertex>
        </vertexbuffer>
    </sharedgeometry>
    <submeshes>
        <submesh material="_missing_material_" operationtype="triangle_list" use32bitindexes="False" usesharedvertices="true">
            <faces count="62">
                <face v2="1" v3="2" v1="0"/>
                <face v2="4" v3="5" v1="3"/>
                <face v2="7" v3="8" v1="6"/>
                <face v2="10" v3="11" v1="9"/>
                <face v2="13" v3="14" v1="12"/>
                <face v2="16" v3="17" v1="15"/>
                <face v2="19" v3="20" v1="18"/>
                <face v2="22" v3="23" v1="21"/>
                <face v2="25" v3="26" v1="24"/>
                <face v2="28" v3="29" v1="27"/>
                <face v2="31" v3="32" v1="30"/>
                <face v2="34" v3="35" v1="33"/>
                <face v2="37" v3="38" v1="36"/>
                <face v2="40" v3="41" v1="39"/>
                <face v2="43" v3="44" v1="42"/>
                <face v2="46" v3="47" v1="45"/>
                <face v2="49" v3="50" v1="48"/>
                <face v2="52" v3="53" v1="51"/>
                <face v2="55" v3="56" v1="54"/>
                <face v2="58" v3="59" v1="57"/>
                <face v2="61" v3="62" v1="60"/>
                <face v2="64" v3="65" v1="63"/>
                <face v2="67" v3="68" v1="66"/>
                <face v2="70" v3="71" v1="69"/>
                <face v2="73" v3="74" v1="72"/>
                <face v2="76" v3="77" v1="75"/>
                <face v2="79" v3="80" v1="78"/>
                <face v2="82" v3="83" v1="81"/>
                <face v2="85" v3="86" v1="84"/>
                <face v2="88" v3="89" v1="87"/>
                <face v2="91" v3="92" v1="90"/>
                <face v2="94" v3="95" v1="93"/>
                <face v2="97" v3="98" v1="96"/>
                <face v2="99" v3="98" v1="97"/>
                <face v2="100" v3="99" v1="97"/>
                <face v2="101" v3="99" v1="100"/>
                <face v2="102" v3="101" v1="100"/>
                <face v2="103" v3="101" v1="102"/>
                <face v2="105" v3="106" v1="104"/>
                <face v2="108" v3="103" v1="107"/>
                <face v2="109" v3="108" v1="107"/>
                <face v2="110" v3="108" v1="109"/>
                <face v2="111" v3="110" v1="109"/>
                <face v2="112" v3="110" v1="111"/>
                <face v2="113" v3="112" v1="111"/>
                <face v2="114" v3="112" v1="113"/>
                <face v2="115" v3="114" v1="113"/>
                <face v2="117" v3="118" v1="116"/>
                <face v2="119" v3="120" v1="115"/>
                <face v2="121" v3="120" v1="119"/>
                <face v2="122" v3="121" v1="119"/>
                <face v2="123" v3="121" v1="122"/>
                <face v2="124" v3="123" v1="122"/>
                <face v2="125" v3="123" v1="124"/>
                <face v2="126" v3="125" v1="124"/>
                <face v2="127" v3="125" v1="126"/>
                <face v2="128" v3="127" v1="126"/>
                <face v2="129" v3="127" v1="128"/>
                <face v2="130" v3="129" v1="128"/>
                <face v2="131" v3="129" v1="130"/>
                <face v2="133" v3="134" v1="132"/>
                <face v2="136" v3="131" v1="135"/>
            </faces>
        </submesh>
    </submeshes>
    <submeshnames>
        <submesh index="0" name="_missing_material_">
        </submesh>
    </submeshnames>
</mesh>