<?xml version="1.0" encoding="UTF-8"?>
<mesh>
    <sharedgeometry vertexcount="188">
        <vertexbuffer colours_diffuse="False" positions="true" texture_coords="0" normals="true">
            <vertex>
                <position y="-0.842802" x="-0.916183" z="2.006067"/>
                <normal y="0.000000" x="-1.000000" z="0.000000"/>
            </vertex>
            <vertex>
                <position y="-0.895971" x="-0.916183" z="2.137262"/>
                <normal y="0.000000" x="-1.000000" z="0.000000"/>
            </vertex>
            <vertex>
                <position y="-0.527636" x="-0.916183" z="2.133791"/>
                <normal y="0.000000" x="-1.000000" z="0.000000"/>
            </vertex>
            <vertex>
                <position y="-0.895971" x="-0.916183" z="2.137262"/>
                <normal y="-0.000000" x="-1.000000" z="-0.000000"/>
            </vertex>
            <vertex>
                <position y="-0.738388" x="-0.916183" z="2.201124"/>
                <normal y="-0.000000" x="-1.000000" z="-0.000000"/>
            </vertex>
            <vertex>
                <position y="-0.527636" x="-0.916183" z="2.133791"/>
                <normal y="-0.000000" x="-1.000000" z="-0.000000"/>
            </vertex>
            <vertex>
                <position y="-0.580804" x="-0.916183" z="2.264987"/>
                <normal y="-0.000000" x="-1.000000" z="-0.000000"/>
            </vertex>
            <vertex>
                <position y="-0.895971" x="-0.916183" z="2.137262"/>
                <normal y="-0.375589" x="0.000000" z="0.926786"/>
            </vertex>
            <vertex>
                <position y="-0.895971" x="-0.739353" z="2.137262"/>
                <normal y="-0.375589" x="0.000000" z="0.926786"/>
            </vertex>
            <vertex>
                <position y="-0.738388" x="-0.739353" z="2.201124"/>
                <normal y="-0.375589" x="0.000000" z="0.926786"/>
            </vertex>
            <vertex>
                <position y="-0.738388" x="-0.916183" z="2.201124"/>
                <normal y="-0.375589" x="0.000000" z="0.926786"/>
            </vertex>
            <vertex>
                <position y="-0.336076" x="-0.739353" z="0.755696"/>
                <normal y="0.000000" x="1.000000" z="-0.000000"/>
            </vertex>
            <vertex>
                <position y="-0.218071" x="-0.739353" z="0.464514"/>
                <normal y="0.000000" x="1.000000" z="-0.000000"/>
            </vertex>
            <vertex>
                <position y="0.097095" x="-0.739353" z="0.592238"/>
                <normal y="0.000000" x="1.000000" z="-0.000000"/>
            </vertex>
            <vertex>
                <position y="-0.020909" x="-0.739353" z="0.883420"/>
                <normal y="0.000000" x="1.000000" z="-0.000000"/>
            </vertex>
            <vertex>
                <position y="0.097095" x="-0.916183" z="0.592238"/>
                <normal y="0.375590" x="0.000000" z="-0.926786"/>
            </vertex>
            <vertex>
                <position y="0.097095" x="-0.739353" z="0.592238"/>
                <normal y="0.375590" x="0.000000" z="-0.926786"/>
            </vertex>
            <vertex>
                <position y="-0.218071" x="-0.739353" z="0.464514"/>
                <normal y="0.375590" x="0.000000" z="-0.926786"/>
            </vertex>
            <vertex>
                <position y="-0.218071" x="-0.916183" z="0.464514"/>
                <normal y="0.375590" x="0.000000" z="-0.926786"/>
            </vertex>
            <vertex>
                <position y="-0.527636" x="-0.916183" z="2.133791"/>
                <normal y="0.926786" x="0.000000" z="0.375591"/>
            </vertex>
            <vertex>
                <position y="-0.580804" x="-0.916183" z="2.264987"/>
                <normal y="0.926786" x="0.000000" z="0.375591"/>
            </vertex>
            <vertex>
                <position y="-0.580804" x="-0.739353" z="2.264987"/>
                <normal y="0.926786" x="0.000000" z="0.375591"/>
            </vertex>
            <vertex>
                <position y="-0.527636" x="-0.739353" z="2.133791"/>
                <normal y="0.926786" x="0.000000" z="0.375591"/>
            </vertex>
            <vertex>
                <position y="-0.842802" x="-0.916183" z="2.006067"/>
                <normal y="0.375592" x="0.000000" z="-0.926785"/>
            </vertex>
            <vertex>
                <position y="-0.842802" x="-0.739353" z="2.006067"/>
                <normal y="0.375592" x="0.000000" z="-0.926785"/>
            </vertex>
            <vertex>
                <position y="-0.941554" x="-0.739353" z="1.966046"/>
                <normal y="0.375592" x="0.000000" z="-0.926785"/>
            </vertex>
            <vertex>
                <position y="-0.941554" x="-0.916183" z="1.966046"/>
                <normal y="0.375592" x="0.000000" z="-0.926785"/>
            </vertex>
            <vertex>
                <position y="-0.710915" x="-0.916183" z="1.680627"/>
                <normal y="-0.000000" x="-1.000000" z="0.000000"/>
            </vertex>
            <vertex>
                <position y="-0.842802" x="-0.916183" z="2.006067"/>
                <normal y="-0.000000" x="-1.000000" z="0.000000"/>
            </vertex>
            <vertex>
                <position y="-0.527636" x="-0.916183" z="2.133791"/>
                <normal y="-0.000000" x="-1.000000" z="0.000000"/>
            </vertex>
            <vertex>
                <position y="-0.395748" x="-0.916183" z="1.808352"/>
                <normal y="-0.000000" x="-1.000000" z="0.000000"/>
            </vertex>
            <vertex>
                <position y="-0.895971" x="-0.739353" z="2.137262"/>
                <normal y="0.000000" x="1.000000" z="-0.000000"/>
            </vertex>
            <vertex>
                <position y="-0.842802" x="-0.739353" z="2.006067"/>
                <normal y="0.000000" x="1.000000" z="-0.000000"/>
            </vertex>
            <vertex>
                <position y="-0.527636" x="-0.739353" z="2.133791"/>
                <normal y="0.000000" x="1.000000" z="-0.000000"/>
            </vertex>
            <vertex>
                <position y="-0.527636" x="-0.739353" z="2.133791"/>
                <normal y="-0.000000" x="1.000000" z="-0.000000"/>
            </vertex>
            <vertex>
                <position y="-0.580804" x="-0.739353" z="2.264987"/>
                <normal y="-0.000000" x="1.000000" z="-0.000000"/>
            </vertex>
            <vertex>
                <position y="-0.738388" x="-0.739353" z="2.201124"/>
                <normal y="-0.000000" x="1.000000" z="-0.000000"/>
            </vertex>
            <vertex>
                <position y="-0.738388" x="-0.739353" z="2.201124"/>
                <normal y="0.000000" x="1.000000" z="0.000000"/>
            </vertex>
            <vertex>
                <position y="-0.395748" x="-0.916183" z="1.808352"/>
                <normal y="0.926786" x="0.000000" z="0.375590"/>
            </vertex>
            <vertex>
                <position y="-0.527636" x="-0.916183" z="2.133791"/>
                <normal y="0.926786" x="0.000000" z="0.375590"/>
            </vertex>
            <vertex>
                <position y="-0.527636" x="-0.739353" z="2.133791"/>
                <normal y="0.926786" x="0.000000" z="0.375590"/>
            </vertex>
            <vertex>
                <position y="-0.395748" x="-0.739353" z="1.808352"/>
                <normal y="0.926786" x="0.000000" z="0.375590"/>
            </vertex>
            <vertex>
                <position y="-0.710915" x="-0.739353" z="1.680627"/>
                <normal y="-0.926786" x="0.000000" z="-0.375590"/>
            </vertex>
            <vertex>
                <position y="-0.842802" x="-0.739353" z="2.006067"/>
                <normal y="-0.926786" x="0.000000" z="-0.375590"/>
            </vertex>
            <vertex>
                <position y="-0.842802" x="-0.916183" z="2.006067"/>
                <normal y="-0.926786" x="0.000000" z="-0.375590"/>
            </vertex>
            <vertex>
                <position y="-0.710915" x="-0.916183" z="1.680627"/>
                <normal y="-0.926786" x="0.000000" z="-0.375590"/>
            </vertex>
            <vertex>
                <position y="-0.941554" x="-0.739353" z="1.966046"/>
                <normal y="-0.926786" x="0.000000" z="-0.375591"/>
            </vertex>
            <vertex>
                <position y="-0.994723" x="-0.739353" z="2.097243"/>
                <normal y="-0.926786" x="0.000000" z="-0.375591"/>
            </vertex>
            <vertex>
                <position y="-0.994723" x="-0.916183" z="2.097243"/>
                <normal y="-0.926786" x="0.000000" z="-0.375591"/>
            </vertex>
            <vertex>
                <position y="-0.941554" x="-0.916183" z="1.966046"/>
                <normal y="-0.926786" x="0.000000" z="-0.375591"/>
            </vertex>
            <vertex>
                <position y="-0.994723" x="-0.739353" z="2.097243"/>
                <normal y="-0.000000" x="1.000000" z="-0.000000"/>
            </vertex>
            <vertex>
                <position y="-0.941554" x="-0.739353" z="1.966046"/>
                <normal y="-0.000000" x="1.000000" z="-0.000000"/>
            </vertex>
            <vertex>
                <position y="-0.895971" x="-0.739353" z="2.137262"/>
                <normal y="-0.375586" x="0.000000" z="0.926787"/>
            </vertex>
            <vertex>
                <position y="-0.895971" x="-0.916183" z="2.137262"/>
                <normal y="-0.375586" x="0.000000" z="0.926787"/>
            </vertex>
            <vertex>
                <position y="-0.994723" x="-0.916183" z="2.097243"/>
                <normal y="-0.375586" x="0.000000" z="0.926787"/>
            </vertex>
            <vertex>
                <position y="-0.994723" x="-0.739353" z="2.097243"/>
                <normal y="-0.375586" x="0.000000" z="0.926787"/>
            </vertex>
            <vertex>
                <position y="-0.895971" x="-0.916183" z="2.137262"/>
                <normal y="-0.000000" x="-1.000000" z="0.000000"/>
            </vertex>
            <vertex>
                <position y="-0.842802" x="-0.916183" z="2.006067"/>
                <normal y="-0.000000" x="-1.000000" z="0.000000"/>
            </vertex>
            <vertex>
                <position y="-0.941554" x="-0.916183" z="1.966046"/>
                <normal y="-0.000000" x="-1.000000" z="0.000000"/>
            </vertex>
            <vertex>
                <position y="-0.994723" x="-0.916183" z="2.097243"/>
                <normal y="-0.000000" x="-1.000000" z="0.000000"/>
            </vertex>
            <vertex>
                <position y="-0.710915" x="-0.739353" z="1.680627"/>
                <normal y="0.000000" x="1.000000" z="-0.000000"/>
            </vertex>
            <vertex>
                <position y="-0.395748" x="-0.739353" z="1.808352"/>
                <normal y="0.000000" x="1.000000" z="-0.000000"/>
            </vertex>
            <vertex>
                <position y="-0.710915" x="-0.739353" z="1.680627"/>
                <normal y="0.000000" x="1.000000" z="-0.000000"/>
            </vertex>
            <vertex>
                <position y="-0.585969" x="-0.739353" z="1.372317"/>
                <normal y="0.000000" x="1.000000" z="-0.000000"/>
            </vertex>
            <vertex>
                <position y="-0.270802" x="-0.739353" z="1.500042"/>
                <normal y="0.000000" x="1.000000" z="-0.000000"/>
            </vertex>
            <vertex>
                <position y="-0.395748" x="-0.739353" z="1.808352"/>
                <normal y="0.000000" x="1.000000" z="-0.000000"/>
            </vertex>
            <vertex>
                <position y="-0.461022" x="-0.739353" z="1.064006"/>
                <normal y="0.000000" x="1.000000" z="-0.000000"/>
            </vertex>
            <vertex>
                <position y="-0.145856" x="-0.739353" z="1.191731"/>
                <normal y="0.000000" x="1.000000" z="-0.000000"/>
            </vertex>
            <vertex>
                <position y="-0.461022" x="-0.739353" z="1.064006"/>
                <normal y="0.000000" x="1.000000" z="-0.000000"/>
            </vertex>
            <vertex>
                <position y="-0.336076" x="-0.739353" z="0.755696"/>
                <normal y="0.000000" x="1.000000" z="-0.000000"/>
            </vertex>
            <vertex>
                <position y="-0.020909" x="-0.739353" z="0.883420"/>
                <normal y="0.000000" x="1.000000" z="-0.000000"/>
            </vertex>
            <vertex>
                <position y="-0.145856" x="-0.739353" z="1.191731"/>
                <normal y="0.000000" x="1.000000" z="-0.000000"/>
            </vertex>
            <vertex>
                <position y="-0.020909" x="-0.916183" z="0.883420"/>
                <normal y="-0.000000" x="-1.000000" z="0.000000"/>
            </vertex>
            <vertex>
                <position y="0.097095" x="-0.916183" z="0.592238"/>
                <normal y="-0.000000" x="-1.000000" z="0.000000"/>
            </vertex>
            <vertex>
                <position y="-0.218071" x="-0.916183" z="0.464514"/>
                <normal y="-0.000000" x="-1.000000" z="0.000000"/>
            </vertex>
            <vertex>
                <position y="-0.336076" x="-0.916183" z="0.755696"/>
                <normal y="-0.000000" x="-1.000000" z="0.000000"/>
            </vertex>
            <vertex>
                <position y="-0.336076" x="-0.916183" z="0.755696"/>
                <normal y="-0.000000" x="-1.000000" z="-0.000000"/>
            </vertex>
            <vertex>
                <position y="-0.461022" x="-0.916183" z="1.064006"/>
                <normal y="-0.000000" x="-1.000000" z="-0.000000"/>
            </vertex>
            <vertex>
                <position y="-0.145856" x="-0.916183" z="1.191731"/>
                <normal y="-0.000000" x="-1.000000" z="-0.000000"/>
            </vertex>
            <vertex>
                <position y="-0.020909" x="-0.916183" z="0.883420"/>
                <normal y="-0.000000" x="-1.000000" z="-0.000000"/>
            </vertex>
            <vertex>
                <position y="-0.461022" x="-0.916183" z="1.064006"/>
                <normal y="-0.000000" x="-1.000000" z="-0.000000"/>
            </vertex>
            <vertex>
                <position y="-0.585969" x="-0.916183" z="1.372317"/>
                <normal y="-0.000000" x="-1.000000" z="-0.000000"/>
            </vertex>
            <vertex>
                <position y="-0.270802" x="-0.916183" z="1.500042"/>
                <normal y="-0.000000" x="-1.000000" z="-0.000000"/>
            </vertex>
            <vertex>
                <position y="-0.145856" x="-0.916183" z="1.191731"/>
                <normal y="-0.000000" x="-1.000000" z="-0.000000"/>
            </vertex>
            <vertex>
                <position y="-0.710915" x="-0.916183" z="1.680627"/>
                <normal y="-0.000000" x="-1.000000" z="-0.000000"/>
            </vertex>
            <vertex>
                <position y="-0.395748" x="-0.916183" z="1.808352"/>
                <normal y="-0.000000" x="-1.000000" z="-0.000000"/>
            </vertex>
            <vertex>
                <position y="0.097095" x="-0.916183" z="0.592238"/>
                <normal y="0.926786" x="0.000000" z="0.375590"/>
            </vertex>
            <vertex>
                <position y="-0.020909" x="-0.916183" z="0.883420"/>
                <normal y="0.926786" x="0.000000" z="0.375590"/>
            </vertex>
            <vertex>
                <position y="-0.020909" x="-0.739353" z="0.883420"/>
                <normal y="0.926786" x="0.000000" z="0.375590"/>
            </vertex>
            <vertex>
                <position y="0.097095" x="-0.739353" z="0.592238"/>
                <normal y="0.926786" x="0.000000" z="0.375590"/>
            </vertex>
            <vertex>
                <position y="-0.020909" x="-0.739353" z="0.883420"/>
                <normal y="0.375592" x="0.000000" z="-0.926785"/>
            </vertex>
            <vertex>
                <position y="-0.020909" x="-0.916183" z="0.883420"/>
                <normal y="0.375592" x="0.000000" z="-0.926785"/>
            </vertex>
            <vertex>
                <position y="0.067682" x="-0.916183" z="0.919323"/>
                <normal y="0.375592" x="0.000000" z="-0.926785"/>
            </vertex>
            <vertex>
                <position y="0.067682" x="-0.739353" z="0.919323"/>
                <normal y="0.375592" x="0.000000" z="-0.926785"/>
            </vertex>
            <vertex>
                <position y="-0.270802" x="-0.916183" z="1.500042"/>
                <normal y="-0.375589" x="0.000001" z="0.926786"/>
            </vertex>
            <vertex>
                <position y="-0.270802" x="-0.739353" z="1.500042"/>
                <normal y="-0.375589" x="0.000001" z="0.926786"/>
            </vertex>
            <vertex>
                <position y="-0.182211" x="-0.739353" z="1.535944"/>
                <normal y="-0.375589" x="0.000001" z="0.926786"/>
            </vertex>
            <vertex>
                <position y="-0.182211" x="-0.916183" z="1.535944"/>
                <normal y="-0.375589" x="0.000001" z="0.926786"/>
            </vertex>
            <vertex>
                <position y="-0.270802" x="-0.916183" z="1.500042"/>
                <normal y="0.926786" x="0.000000" z="0.375590"/>
            </vertex>
            <vertex>
                <position y="-0.395748" x="-0.916183" z="1.808352"/>
                <normal y="0.926786" x="0.000000" z="0.375590"/>
            </vertex>
            <vertex>
                <position y="-0.395748" x="-0.739353" z="1.808352"/>
                <normal y="0.926786" x="0.000000" z="0.375590"/>
            </vertex>
            <vertex>
                <position y="-0.270802" x="-0.739353" z="1.500042"/>
                <normal y="0.926786" x="0.000000" z="0.375590"/>
            </vertex>
            <vertex>
                <position y="-0.336076" x="-0.739353" z="0.755696"/>
                <normal y="-0.375590" x="0.000000" z="0.926786"/>
            </vertex>
            <vertex>
                <position y="-0.336076" x="-0.916183" z="0.755696"/>
                <normal y="-0.375590" x="0.000000" z="0.926786"/>
            </vertex>
            <vertex>
                <position y="-0.569373" x="-0.916183" z="0.661150"/>
                <normal y="-0.375590" x="0.000000" z="0.926786"/>
            </vertex>
            <vertex>
                <position y="-0.569373" x="-0.739353" z="0.661150"/>
                <normal y="-0.375590" x="0.000000" z="0.926786"/>
            </vertex>
            <vertex>
                <position y="-0.336076" x="-0.739353" z="0.755696"/>
                <normal y="-0.926786" x="0.000000" z="-0.375590"/>
            </vertex>
            <vertex>
                <position y="-0.461022" x="-0.739353" z="1.064006"/>
                <normal y="-0.926786" x="0.000000" z="-0.375590"/>
            </vertex>
            <vertex>
                <position y="-0.461022" x="-0.916183" z="1.064006"/>
                <normal y="-0.926786" x="0.000000" z="-0.375590"/>
            </vertex>
            <vertex>
                <position y="-0.336076" x="-0.916183" z="0.755696"/>
                <normal y="-0.926786" x="0.000000" z="-0.375590"/>
            </vertex>
            <vertex>
                <position y="-0.461022" x="-0.916183" z="1.064006"/>
                <normal y="0.375590" x="0.000000" z="-0.926786"/>
            </vertex>
            <vertex>
                <position y="-0.461022" x="-0.739353" z="1.064006"/>
                <normal y="0.375590" x="0.000000" z="-0.926786"/>
            </vertex>
            <vertex>
                <position y="-0.563865" x="-0.739353" z="1.022328"/>
                <normal y="0.375590" x="0.000000" z="-0.926786"/>
            </vertex>
            <vertex>
                <position y="-0.563865" x="-0.916183" z="1.022328"/>
                <normal y="0.375590" x="0.000000" z="-0.926786"/>
            </vertex>
            <vertex>
                <position y="-0.710915" x="-0.739353" z="1.680627"/>
                <normal y="-0.375590" x="0.000000" z="0.926786"/>
            </vertex>
            <vertex>
                <position y="-0.710915" x="-0.916183" z="1.680627"/>
                <normal y="-0.375590" x="0.000000" z="0.926786"/>
            </vertex>
            <vertex>
                <position y="-0.813757" x="-0.916183" z="1.638949"/>
                <normal y="-0.375590" x="0.000000" z="0.926786"/>
            </vertex>
            <vertex>
                <position y="-0.813757" x="-0.739353" z="1.638949"/>
                <normal y="-0.375590" x="0.000000" z="0.926786"/>
            </vertex>
            <vertex>
                <position y="-0.563865" x="-0.739353" z="1.022328"/>
                <normal y="-0.926786" x="0.000000" z="-0.375589"/>
            </vertex>
            <vertex>
                <position y="-0.688811" x="-0.739353" z="1.330639"/>
                <normal y="-0.926786" x="0.000000" z="-0.375589"/>
            </vertex>
            <vertex>
                <position y="-0.688811" x="-0.916183" z="1.330639"/>
                <normal y="-0.926786" x="0.000000" z="-0.375589"/>
            </vertex>
            <vertex>
                <position y="-0.563865" x="-0.916183" z="1.022328"/>
                <normal y="-0.926786" x="0.000000" z="-0.375589"/>
            </vertex>
            <vertex>
                <position y="-0.688811" x="-0.739353" z="1.330639"/>
                <normal y="-0.926786" x="0.000000" z="-0.375590"/>
            </vertex>
            <vertex>
                <position y="-0.813757" x="-0.739353" z="1.638949"/>
                <normal y="-0.926786" x="0.000000" z="-0.375590"/>
            </vertex>
            <vertex>
                <position y="-0.813757" x="-0.916183" z="1.638949"/>
                <normal y="-0.926786" x="0.000000" z="-0.375590"/>
            </vertex>
            <vertex>
                <position y="-0.688811" x="-0.916183" z="1.330639"/>
                <normal y="-0.926786" x="0.000000" z="-0.375590"/>
            </vertex>
            <vertex>
                <position y="-0.585969" x="-0.916183" z="1.372317"/>
                <normal y="0.000000" x="-1.000000" z="0.000000"/>
            </vertex>
            <vertex>
                <position y="-0.563865" x="-0.916183" z="1.022328"/>
                <normal y="0.000000" x="-1.000000" z="0.000000"/>
            </vertex>
            <vertex>
                <position y="-0.688811" x="-0.916183" z="1.330639"/>
                <normal y="0.000000" x="-1.000000" z="0.000000"/>
            </vertex>
            <vertex>
                <position y="-0.710915" x="-0.916183" z="1.680627"/>
                <normal y="0.000000" x="-1.000000" z="0.000000"/>
            </vertex>
            <vertex>
                <position y="-0.813757" x="-0.916183" z="1.638949"/>
                <normal y="0.000000" x="-1.000000" z="0.000000"/>
            </vertex>
            <vertex>
                <position y="-0.461022" x="-0.739353" z="1.064006"/>
                <normal y="-0.000000" x="1.000000" z="-0.000000"/>
            </vertex>
            <vertex>
                <position y="-0.585969" x="-0.739353" z="1.372317"/>
                <normal y="-0.000000" x="1.000000" z="-0.000000"/>
            </vertex>
            <vertex>
                <position y="-0.688811" x="-0.739353" z="1.330639"/>
                <normal y="-0.000000" x="1.000000" z="-0.000000"/>
            </vertex>
            <vertex>
                <position y="-0.563865" x="-0.739353" z="1.022328"/>
                <normal y="-0.000000" x="1.000000" z="-0.000000"/>
            </vertex>
            <vertex>
                <position y="-0.813757" x="-0.739353" z="1.638949"/>
                <normal y="-0.000000" x="1.000000" z="-0.000000"/>
            </vertex>
            <vertex>
                <position y="-0.451368" x="-0.739353" z="0.369967"/>
                <normal y="-0.926786" x="0.000000" z="-0.375591"/>
            </vertex>
            <vertex>
                <position y="-0.569373" x="-0.739353" z="0.661150"/>
                <normal y="-0.926786" x="0.000000" z="-0.375591"/>
            </vertex>
            <vertex>
                <position y="-0.569373" x="-0.916183" z="0.661150"/>
                <normal y="-0.926786" x="0.000000" z="-0.375591"/>
            </vertex>
            <vertex>
                <position y="-0.451368" x="-0.916183" z="0.369967"/>
                <normal y="-0.926786" x="0.000000" z="-0.375591"/>
            </vertex>
            <vertex>
                <position y="-0.336076" x="-0.916183" z="0.755696"/>
                <normal y="0.000000" x="-1.000000" z="0.000000"/>
            </vertex>
            <vertex>
                <position y="-0.218071" x="-0.916183" z="0.464514"/>
                <normal y="0.000000" x="-1.000000" z="0.000000"/>
            </vertex>
            <vertex>
                <position y="-0.451368" x="-0.916183" z="0.369967"/>
                <normal y="0.000000" x="-1.000000" z="0.000000"/>
            </vertex>
            <vertex>
                <position y="-0.569373" x="-0.916183" z="0.661150"/>
                <normal y="0.000000" x="-1.000000" z="0.000000"/>
            </vertex>
            <vertex>
                <position y="-0.218071" x="-0.916183" z="0.464514"/>
                <normal y="0.375591" x="0.000000" z="-0.926786"/>
            </vertex>
            <vertex>
                <position y="-0.218071" x="-0.739353" z="0.464514"/>
                <normal y="0.375591" x="0.000000" z="-0.926786"/>
            </vertex>
            <vertex>
                <position y="-0.451368" x="-0.739353" z="0.369967"/>
                <normal y="0.375591" x="0.000000" z="-0.926786"/>
            </vertex>
            <vertex>
                <position y="-0.451368" x="-0.916183" z="0.369967"/>
                <normal y="0.375591" x="0.000000" z="-0.926786"/>
            </vertex>
            <vertex>
                <position y="-0.218071" x="-0.739353" z="0.464514"/>
                <normal y="-0.000000" x="1.000000" z="-0.000000"/>
            </vertex>
            <vertex>
                <position y="-0.336076" x="-0.739353" z="0.755696"/>
                <normal y="-0.000000" x="1.000000" z="-0.000000"/>
            </vertex>
            <vertex>
                <position y="-0.569373" x="-0.739353" z="0.661150"/>
                <normal y="-0.000000" x="1.000000" z="-0.000000"/>
            </vertex>
            <vertex>
                <position y="-0.451368" x="-0.739353" z="0.369967"/>
                <normal y="-0.000000" x="1.000000" z="-0.000000"/>
            </vertex>
            <vertex>
                <position y="0.067682" x="-0.916183" z="0.919323"/>
                <normal y="0.926786" x="0.000000" z="0.375590"/>
            </vertex>
            <vertex>
                <position y="-0.057265" x="-0.916183" z="1.227634"/>
                <normal y="0.926786" x="0.000000" z="0.375590"/>
            </vertex>
            <vertex>
                <position y="-0.057265" x="-0.739353" z="1.227634"/>
                <normal y="0.926786" x="0.000000" z="0.375590"/>
            </vertex>
            <vertex>
                <position y="0.067682" x="-0.739353" z="0.919323"/>
                <normal y="0.926786" x="0.000000" z="0.375590"/>
            </vertex>
            <vertex>
                <position y="-0.057265" x="-0.916183" z="1.227634"/>
                <normal y="0.926786" x="0.000000" z="0.375590"/>
            </vertex>
            <vertex>
                <position y="-0.182211" x="-0.916183" z="1.535944"/>
                <normal y="0.926786" x="0.000000" z="0.375590"/>
            </vertex>
            <vertex>
                <position y="-0.182211" x="-0.739353" z="1.535944"/>
                <normal y="0.926786" x="0.000000" z="0.375590"/>
            </vertex>
            <vertex>
                <position y="-0.057265" x="-0.739353" z="1.227634"/>
                <normal y="0.926786" x="0.000000" z="0.375590"/>
            </vertex>
            <vertex>
                <position y="-0.145856" x="-0.739353" z="1.191731"/>
                <normal y="-0.000000" x="1.000000" z="-0.000000"/>
            </vertex>
            <vertex>
                <position y="-0.020909" x="-0.739353" z="0.883420"/>
                <normal y="-0.000000" x="1.000000" z="-0.000000"/>
            </vertex>
            <vertex>
                <position y="0.067682" x="-0.739353" z="0.919323"/>
                <normal y="-0.000000" x="1.000000" z="-0.000000"/>
            </vertex>
            <vertex>
                <position y="-0.057265" x="-0.739353" z="1.227634"/>
                <normal y="-0.000000" x="1.000000" z="-0.000000"/>
            </vertex>
            <vertex>
                <position y="-0.270802" x="-0.739353" z="1.500042"/>
                <normal y="0.000000" x="1.000000" z="0.000000"/>
            </vertex>
            <vertex>
                <position y="-0.145856" x="-0.739353" z="1.191731"/>
                <normal y="0.000000" x="1.000000" z="0.000000"/>
            </vertex>
            <vertex>
                <position y="-0.057265" x="-0.739353" z="1.227634"/>
                <normal y="0.000000" x="1.000000" z="0.000000"/>
            </vertex>
            <vertex>
                <position y="-0.182211" x="-0.739353" z="1.535944"/>
                <normal y="0.000000" x="1.000000" z="0.000000"/>
            </vertex>
            <vertex>
                <position y="-0.057265" x="-0.916183" z="1.227634"/>
                <normal y="-0.000000" x="-1.000000" z="-0.000000"/>
            </vertex>
            <vertex>
                <position y="0.067682" x="-0.916183" z="0.919323"/>
                <normal y="-0.000000" x="-1.000000" z="-0.000000"/>
            </vertex>
            <vertex>
                <position y="-0.270802" x="-0.916183" z="1.500042"/>
                <normal y="-0.000000" x="-1.000000" z="-0.000000"/>
            </vertex>
            <vertex>
                <position y="-0.182211" x="-0.916183" z="1.535944"/>
                <normal y="-0.000000" x="-1.000000" z="-0.000000"/>
            </vertex>
            <vertex>
                <position y="-0.738388" x="-0.916183" z="2.201124"/>
                <normal y="-0.926786" x="0.000000" z="-0.375590"/>
            </vertex>
            <vertex>
                <position y="-0.738388" x="-0.739353" z="2.201124"/>
                <normal y="-0.926786" x="0.000000" z="-0.375590"/>
            </vertex>
            <vertex>
                <position y="-0.794519" x="-0.739353" z="2.339631"/>
                <normal y="-0.926786" x="0.000000" z="-0.375590"/>
            </vertex>
            <vertex>
                <position y="-0.794519" x="-0.916183" z="2.339631"/>
                <normal y="-0.926786" x="0.000000" z="-0.375590"/>
            </vertex>
            <vertex>
                <position y="-0.794519" x="-0.916183" z="2.339631"/>
                <normal y="-0.375590" x="0.000000" z="0.926786"/>
            </vertex>
            <vertex>
                <position y="-0.794519" x="-0.739353" z="2.339631"/>
                <normal y="-0.375590" x="0.000000" z="0.926786"/>
            </vertex>
            <vertex>
                <position y="-0.636936" x="-0.739353" z="2.403493"/>
                <normal y="-0.375590" x="0.000000" z="0.926786"/>
            </vertex>
            <vertex>
                <position y="-0.636936" x="-0.916183" z="2.403493"/>
                <normal y="-0.375590" x="0.000000" z="0.926786"/>
            </vertex>
            <vertex>
                <position y="-0.580804" x="-0.739353" z="2.264987"/>
                <normal y="0.926786" x="0.000000" z="0.375589"/>
            </vertex>
            <vertex>
                <position y="-0.580804" x="-0.916183" z="2.264987"/>
                <normal y="0.926786" x="0.000000" z="0.375589"/>
            </vertex>
            <vertex>
                <position y="-0.636936" x="-0.916183" z="2.403493"/>
                <normal y="0.926786" x="0.000000" z="0.375589"/>
            </vertex>
            <vertex>
                <position y="-0.636936" x="-0.739353" z="2.403493"/>
                <normal y="0.926786" x="0.000000" z="0.375589"/>
            </vertex>
            <vertex>
                <position y="-0.636936" x="-0.739353" z="2.403493"/>
                <normal y="0.000000" x="1.000000" z="0.000000"/>
            </vertex>
            <vertex>
                <position y="-0.794519" x="-0.739353" z="2.339631"/>
                <normal y="0.000000" x="1.000000" z="0.000000"/>
            </vertex>
            <vertex>
                <position y="-0.794519" x="-0.916183" z="2.339631"/>
                <normal y="0.000000" x="-1.000000" z="-0.000000"/>
            </vertex>
            <vertex>
                <position y="-0.636936" x="-0.916183" z="2.403493"/>
                <normal y="0.000000" x="-1.000000" z="-0.000000"/>
            </vertex>
        </vertexbuffer>
    </sharedgeometry>
    <submeshes>
        <submesh material="Metal" operationtype="triangle_list" use32bitindexes="False" usesharedvertices="true">
            <faces count="104">
                <face v2="1" v3="2" v1="0"/>
                <face v2="4" v3="5" v1="3"/>
                <face v2="6" v3="5" v1="4"/>
                <face v2="8" v3="9" v1="7"/>
                <face v2="9" v3="10" v1="7"/>
                <face v2="12" v3="13" v1="11"/>
                <face v2="13" v3="14" v1="11"/>
                <face v2="16" v3="17" v1="15"/>
                <face v2="17" v3="18" v1="15"/>
                <face v2="20" v3="21" v1="19"/>
                <face v2="21" v3="22" v1="19"/>
                <face v2="24" v3="25" v1="23"/>
                <face v2="25" v3="26" v1="23"/>
                <face v2="28" v3="29" v1="27"/>
                <face v2="29" v3="30" v1="27"/>
                <face v2="32" v3="33" v1="31"/>
                <face v2="35" v3="36" v1="34"/>
                <face v2="33" v3="37" v1="31"/>
                <face v2="39" v3="40" v1="38"/>
                <face v2="40" v3="41" v1="38"/>
                <face v2="43" v3="44" v1="42"/>
                <face v2="44" v3="45" v1="42"/>
                <face v2="47" v3="48" v1="46"/>
                <face v2="48" v3="49" v1="46"/>
                <face v2="31" v3="50" v1="32"/>
                <face v2="50" v3="51" v1="32"/>
                <face v2="53" v3="54" v1="52"/>
                <face v2="54" v3="55" v1="52"/>
                <face v2="57" v3="58" v1="56"/>
                <face v2="58" v3="59" v1="56"/>
                <face v2="60" v3="61" v1="32"/>
                <face v2="61" v3="33" v1="32"/>
                <face v2="63" v3="64" v1="62"/>
                <face v2="64" v3="65" v1="62"/>
                <face v2="66" v3="67" v1="63"/>
                <face v2="67" v3="64" v1="63"/>
                <face v2="69" v3="70" v1="68"/>
                <face v2="70" v3="71" v1="68"/>
                <face v2="73" v3="74" v1="72"/>
                <face v2="74" v3="75" v1="72"/>
                <face v2="77" v3="78" v1="76"/>
                <face v2="78" v3="79" v1="76"/>
                <face v2="81" v3="82" v1="80"/>
                <face v2="82" v3="83" v1="80"/>
                <face v2="84" v3="85" v1="81"/>
                <face v2="85" v3="82" v1="81"/>
                <face v2="87" v3="88" v1="86"/>
                <face v2="88" v3="89" v1="86"/>
                <face v2="91" v3="92" v1="90"/>
                <face v2="92" v3="93" v1="90"/>
                <face v2="95" v3="96" v1="94"/>
                <face v2="96" v3="97" v1="94"/>
                <face v2="99" v3="100" v1="98"/>
                <face v2="100" v3="101" v1="98"/>
                <face v2="103" v3="104" v1="102"/>
                <face v2="104" v3="105" v1="102"/>
                <face v2="107" v3="108" v1="106"/>
                <face v2="108" v3="109" v1="106"/>
                <face v2="111" v3="112" v1="110"/>
                <face v2="112" v3="113" v1="110"/>
                <face v2="115" v3="116" v1="114"/>
                <face v2="116" v3="117" v1="114"/>
                <face v2="119" v3="120" v1="118"/>
                <face v2="120" v3="121" v1="118"/>
                <face v2="123" v3="124" v1="122"/>
                <face v2="124" v3="125" v1="122"/>
                <face v2="77" v3="127" v1="126"/>
                <face v2="127" v3="128" v1="126"/>
                <face v2="126" v3="128" v1="129"/>
                <face v2="128" v3="130" v1="129"/>
                <face v2="132" v3="133" v1="131"/>
                <face v2="133" v3="134" v1="131"/>
                <face v2="60" v3="135" v1="132"/>
                <face v2="135" v3="133" v1="132"/>
                <face v2="137" v3="138" v1="136"/>
                <face v2="138" v3="139" v1="136"/>
                <face v2="141" v3="142" v1="140"/>
                <face v2="142" v3="143" v1="140"/>
                <face v2="145" v3="146" v1="144"/>
                <face v2="146" v3="147" v1="144"/>
                <face v2="149" v3="150" v1="148"/>
                <face v2="150" v3="151" v1="148"/>
                <face v2="153" v3="154" v1="152"/>
                <face v2="154" v3="155" v1="152"/>
                <face v2="157" v3="158" v1="156"/>
                <face v2="158" v3="159" v1="156"/>
                <face v2="161" v3="162" v1="160"/>
                <face v2="162" v3="163" v1="160"/>
                <face v2="165" v3="166" v1="164"/>
                <face v2="166" v3="167" v1="164"/>
                <face v2="78" v3="168" v1="79"/>
                <face v2="168" v3="169" v1="79"/>
                <face v2="170" v3="171" v1="78"/>
                <face v2="171" v3="168" v1="78"/>
                <face v2="173" v3="174" v1="172"/>
                <face v2="174" v3="175" v1="172"/>
                <face v2="177" v3="178" v1="176"/>
                <face v2="178" v3="179" v1="176"/>
                <face v2="181" v3="182" v1="180"/>
                <face v2="182" v3="183" v1="180"/>
                <face v2="35" v3="184" v1="36"/>
                <face v2="184" v3="185" v1="36"/>
                <face v2="4" v3="186" v1="6"/>
                <face v2="186" v3="187" v1="6"/>
            </faces>
        </submesh>
    </submeshes>
    <submeshnames>
        <submesh index="0" name="Metal">
        </submesh>
    </submeshnames>
    <skeletonlink name="Gun.skeleton"/>
    <boneassignments>
        <vertexboneassignment boneindex="14" weight="1.0" vertexindex="0"/>
        <vertexboneassignment boneindex="14" weight="1.0" vertexindex="1"/>
        <vertexboneassignment boneindex="14" weight="1.0" vertexindex="2"/>
        <vertexboneassignment boneindex="14" weight="1.0" vertexindex="3"/>
        <vertexboneassignment boneindex="14" weight="1.0" vertexindex="4"/>
        <vertexboneassignment boneindex="14" weight="1.0" vertexindex="5"/>
        <vertexboneassignment boneindex="14" weight="1.0" vertexindex="6"/>
        <vertexboneassignment boneindex="14" weight="1.0" vertexindex="7"/>
        <vertexboneassignment boneindex="14" weight="1.0" vertexindex="8"/>
        <vertexboneassignment boneindex="14" weight="1.0" vertexindex="9"/>
        <vertexboneassignment boneindex="14" weight="1.0" vertexindex="10"/>
        <vertexboneassignment boneindex="14" weight="1.0" vertexindex="11"/>
        <vertexboneassignment boneindex="14" weight="1.0" vertexindex="12"/>
        <vertexboneassignment boneindex="14" weight="0.9999998211860657" vertexindex="13"/>
        <vertexboneassignment boneindex="14" weight="1.0" vertexindex="14"/>
        <vertexboneassignment boneindex="14" weight="1.0" vertexindex="15"/>
        <vertexboneassignment boneindex="14" weight="0.9999998211860657" vertexindex="16"/>
        <vertexboneassignment boneindex="14" weight="1.0" vertexindex="17"/>
        <vertexboneassignment boneindex="14" weight="1.0" vertexindex="18"/>
        <vertexboneassignment boneindex="14" weight="1.0" vertexindex="19"/>
        <vertexboneassignment boneindex="14" weight="1.0" vertexindex="20"/>
        <vertexboneassignment boneindex="14" weight="1.0" vertexindex="21"/>
        <vertexboneassignment boneindex="14" weight="1.0" vertexindex="22"/>
        <vertexboneassignment boneindex="14" weight="1.0" vertexindex="23"/>
        <vertexboneassignment boneindex="14" weight="1.0" vertexindex="24"/>
        <vertexboneassignment boneindex="14" weight="1.0" vertexindex="25"/>
        <vertexboneassignment boneindex="14" weight="1.0" vertexindex="26"/>
        <vertexboneassignment boneindex="14" weight="1.0" vertexindex="27"/>
        <vertexboneassignment boneindex="14" weight="1.0" vertexindex="28"/>
        <vertexboneassignment boneindex="14" weight="1.0" vertexindex="29"/>
        <vertexboneassignment boneindex="14" weight="1.0" vertexindex="30"/>
        <vertexboneassignment boneindex="14" weight="1.0" vertexindex="31"/>
        <vertexboneassignment boneindex="14" weight="1.0" vertexindex="32"/>
        <vertexboneassignment boneindex="14" weight="1.0" vertexindex="33"/>
        <vertexboneassignment boneindex="14" weight="1.0" vertexindex="34"/>
        <vertexboneassignment boneindex="14" weight="1.0" vertexindex="35"/>
        <vertexboneassignment boneindex="14" weight="1.0" vertexindex="36"/>
        <vertexboneassignment boneindex="14" weight="1.0" vertexindex="37"/>
        <vertexboneassignment boneindex="14" weight="1.0" vertexindex="38"/>
        <vertexboneassignment boneindex="14" weight="1.0" vertexindex="39"/>
        <vertexboneassignment boneindex="14" weight="1.0" vertexindex="40"/>
        <vertexboneassignment boneindex="14" weight="1.0" vertexindex="41"/>
        <vertexboneassignment boneindex="14" weight="1.0" vertexindex="42"/>
        <vertexboneassignment boneindex="14" weight="1.0" vertexindex="43"/>
        <vertexboneassignment boneindex="14" weight="1.0" vertexindex="44"/>
        <vertexboneassignment boneindex="14" weight="1.0" vertexindex="45"/>
        <vertexboneassignment boneindex="14" weight="1.0" vertexindex="46"/>
        <vertexboneassignment boneindex="14" weight="1.0" vertexindex="47"/>
        <vertexboneassignment boneindex="14" weight="1.0" vertexindex="48"/>
        <vertexboneassignment boneindex="14" weight="1.0" vertexindex="49"/>
        <vertexboneassignment boneindex="14" weight="1.0" vertexindex="50"/>
        <vertexboneassignment boneindex="14" weight="1.0" vertexindex="51"/>
        <vertexboneassignment boneindex="14" weight="1.0" vertexindex="52"/>
        <vertexboneassignment boneindex="14" weight="1.0" vertexindex="53"/>
        <vertexboneassignment boneindex="14" weight="1.0" vertexindex="54"/>
        <vertexboneassignment boneindex="14" weight="1.0" vertexindex="55"/>
        <vertexboneassignment boneindex="14" weight="1.0" vertexindex="56"/>
        <vertexboneassignment boneindex="14" weight="1.0" vertexindex="57"/>
        <vertexboneassignment boneindex="14" weight="1.0" vertexindex="58"/>
        <vertexboneassignment boneindex="14" weight="1.0" vertexindex="59"/>
        <vertexboneassignment boneindex="14" weight="1.0" vertexindex="60"/>
        <vertexboneassignment boneindex="14" weight="1.0" vertexindex="61"/>
        <vertexboneassignment boneindex="14" weight="1.0" vertexindex="62"/>
        <vertexboneassignment boneindex="14" weight="1.0" vertexindex="63"/>
        <vertexboneassignment boneindex="14" weight="1.0" vertexindex="64"/>
        <vertexboneassignment boneindex="14" weight="1.0" vertexindex="65"/>
        <vertexboneassignment boneindex="14" weight="1.0" vertexindex="66"/>
        <vertexboneassignment boneindex="14" weight="1.0" vertexindex="67"/>
        <vertexboneassignment boneindex="14" weight="1.0" vertexindex="68"/>
        <vertexboneassignment boneindex="14" weight="1.0" vertexindex="69"/>
        <vertexboneassignment boneindex="14" weight="1.0" vertexindex="70"/>
        <vertexboneassignment boneindex="14" weight="1.0" vertexindex="71"/>
        <vertexboneassignment boneindex="14" weight="1.0" vertexindex="72"/>
        <vertexboneassignment boneindex="14" weight="1.0" vertexindex="73"/>
        <vertexboneassignment boneindex="14" weight="1.0" vertexindex="74"/>
        <vertexboneassignment boneindex="14" weight="1.0" vertexindex="75"/>
        <vertexboneassignment boneindex="14" weight="1.0" vertexindex="76"/>
        <vertexboneassignment boneindex="14" weight="1.0" vertexindex="77"/>
        <vertexboneassignment boneindex="14" weight="1.0" vertexindex="78"/>
        <vertexboneassignment boneindex="14" weight="1.0" vertexindex="79"/>
        <vertexboneassignment boneindex="14" weight="1.0" vertexindex="80"/>
        <vertexboneassignment boneindex="14" weight="1.0" vertexindex="81"/>
        <vertexboneassignment boneindex="14" weight="1.0" vertexindex="82"/>
        <vertexboneassignment boneindex="14" weight="1.0" vertexindex="83"/>
        <vertexboneassignment boneindex="14" weight="1.0" vertexindex="84"/>
        <vertexboneassignment boneindex="14" weight="1.0" vertexindex="85"/>
        <vertexboneassignment boneindex="14" weight="1.0" vertexindex="86"/>
        <vertexboneassignment boneindex="14" weight="1.0" vertexindex="87"/>
        <vertexboneassignment boneindex="14" weight="1.0" vertexindex="88"/>
        <vertexboneassignment boneindex="14" weight="0.9999998211860657" vertexindex="89"/>
        <vertexboneassignment boneindex="14" weight="1.0" vertexindex="90"/>
        <vertexboneassignment boneindex="14" weight="1.0" vertexindex="91"/>
        <vertexboneassignment boneindex="14" weight="1.0" vertexindex="92"/>
        <vertexboneassignment boneindex="14" weight="1.0" vertexindex="93"/>
        <vertexboneassignment boneindex="14" weight="1.0" vertexindex="94"/>
        <vertexboneassignment boneindex="14" weight="1.0" vertexindex="95"/>
        <vertexboneassignment boneindex="14" weight="1.0" vertexindex="96"/>
        <vertexboneassignment boneindex="14" weight="1.0" vertexindex="97"/>
        <vertexboneassignment boneindex="14" weight="1.0" vertexindex="98"/>
        <vertexboneassignment boneindex="14" weight="1.0" vertexindex="99"/>
        <vertexboneassignment boneindex="14" weight="1.0" vertexindex="100"/>
        <vertexboneassignment boneindex="14" weight="1.0" vertexindex="101"/>
        <vertexboneassignment boneindex="14" weight="1.0" vertexindex="102"/>
        <vertexboneassignment boneindex="14" weight="1.0" vertexindex="103"/>
        <vertexboneassignment boneindex="14" weight="1.0" vertexindex="104"/>
        <vertexboneassignment boneindex="14" weight="1.0" vertexindex="105"/>
        <vertexboneassignment boneindex="14" weight="1.0" vertexindex="106"/>
        <vertexboneassignment boneindex="14" weight="1.0" vertexindex="107"/>
        <vertexboneassignment boneindex="14" weight="1.0" vertexindex="108"/>
        <vertexboneassignment boneindex="14" weight="1.0" vertexindex="109"/>
        <vertexboneassignment boneindex="14" weight="1.0" vertexindex="110"/>
        <vertexboneassignment boneindex="14" weight="1.0" vertexindex="111"/>
        <vertexboneassignment boneindex="14" weight="1.0" vertexindex="112"/>
        <vertexboneassignment boneindex="14" weight="1.0" vertexindex="113"/>
        <vertexboneassignment boneindex="14" weight="1.0" vertexindex="114"/>
        <vertexboneassignment boneindex="14" weight="1.0" vertexindex="115"/>
        <vertexboneassignment boneindex="14" weight="1.0" vertexindex="116"/>
        <vertexboneassignment boneindex="14" weight="1.0" vertexindex="117"/>
        <vertexboneassignment boneindex="14" weight="1.0" vertexindex="118"/>
        <vertexboneassignment boneindex="14" weight="1.0" vertexindex="119"/>
        <vertexboneassignment boneindex="14" weight="1.0" vertexindex="120"/>
        <vertexboneassignment boneindex="14" weight="1.0" vertexindex="121"/>
        <vertexboneassignment boneindex="14" weight="1.0" vertexindex="122"/>
        <vertexboneassignment boneindex="14" weight="1.0" vertexindex="123"/>
        <vertexboneassignment boneindex="14" weight="1.0" vertexindex="124"/>
        <vertexboneassignment boneindex="14" weight="1.0" vertexindex="125"/>
        <vertexboneassignment boneindex="14" weight="1.0" vertexindex="126"/>
        <vertexboneassignment boneindex="14" weight="1.0" vertexindex="127"/>
        <vertexboneassignment boneindex="14" weight="1.0" vertexindex="128"/>
        <vertexboneassignment boneindex="14" weight="1.0" vertexindex="129"/>
        <vertexboneassignment boneindex="14" weight="1.0" vertexindex="130"/>
        <vertexboneassignment boneindex="14" weight="1.0" vertexindex="131"/>
        <vertexboneassignment boneindex="14" weight="1.0" vertexindex="132"/>
        <vertexboneassignment boneindex="14" weight="1.0" vertexindex="133"/>
        <vertexboneassignment boneindex="14" weight="1.0" vertexindex="134"/>
        <vertexboneassignment boneindex="14" weight="1.0" vertexindex="135"/>
        <vertexboneassignment boneindex="14" weight="1.0" vertexindex="136"/>
        <vertexboneassignment boneindex="14" weight="1.0" vertexindex="137"/>
        <vertexboneassignment boneindex="14" weight="1.0" vertexindex="138"/>
        <vertexboneassignment boneindex="14" weight="1.0" vertexindex="139"/>
        <vertexboneassignment boneindex="14" weight="1.0" vertexindex="140"/>
        <vertexboneassignment boneindex="14" weight="1.0" vertexindex="141"/>
        <vertexboneassignment boneindex="14" weight="1.0" vertexindex="142"/>
        <vertexboneassignment boneindex="14" weight="1.0" vertexindex="143"/>
        <vertexboneassignment boneindex="14" weight="1.0" vertexindex="144"/>
        <vertexboneassignment boneindex="14" weight="1.0" vertexindex="145"/>
        <vertexboneassignment boneindex="14" weight="1.0" vertexindex="146"/>
        <vertexboneassignment boneindex="14" weight="1.0" vertexindex="147"/>
        <vertexboneassignment boneindex="14" weight="1.0" vertexindex="148"/>
        <vertexboneassignment boneindex="14" weight="1.0" vertexindex="149"/>
        <vertexboneassignment boneindex="14" weight="1.0" vertexindex="150"/>
        <vertexboneassignment boneindex="14" weight="1.0" vertexindex="151"/>
        <vertexboneassignment boneindex="14" weight="1.0" vertexindex="152"/>
        <vertexboneassignment boneindex="14" weight="1.0" vertexindex="153"/>
        <vertexboneassignment boneindex="14" weight="1.0" vertexindex="154"/>
        <vertexboneassignment boneindex="14" weight="1.0" vertexindex="155"/>
        <vertexboneassignment boneindex="14" weight="1.0" vertexindex="156"/>
        <vertexboneassignment boneindex="14" weight="1.0" vertexindex="157"/>
        <vertexboneassignment boneindex="14" weight="1.0" vertexindex="158"/>
        <vertexboneassignment boneindex="14" weight="1.0" vertexindex="159"/>
        <vertexboneassignment boneindex="14" weight="1.0" vertexindex="160"/>
        <vertexboneassignment boneindex="14" weight="1.0" vertexindex="161"/>
        <vertexboneassignment boneindex="14" weight="1.0" vertexindex="162"/>
        <vertexboneassignment boneindex="14" weight="1.0" vertexindex="163"/>
        <vertexboneassignment boneindex="14" weight="1.0" vertexindex="164"/>
        <vertexboneassignment boneindex="14" weight="1.0" vertexindex="165"/>
        <vertexboneassignment boneindex="14" weight="1.0" vertexindex="166"/>
        <vertexboneassignment boneindex="14" weight="1.0" vertexindex="167"/>
        <vertexboneassignment boneindex="14" weight="1.0" vertexindex="168"/>
        <vertexboneassignment boneindex="14" weight="1.0" vertexindex="169"/>
        <vertexboneassignment boneindex="14" weight="1.0" vertexindex="170"/>
        <vertexboneassignment boneindex="14" weight="1.0" vertexindex="171"/>
        <vertexboneassignment boneindex="14" weight="1.0" vertexindex="172"/>
        <vertexboneassignment boneindex="14" weight="1.0" vertexindex="173"/>
        <vertexboneassignment boneindex="14" weight="1.0" vertexindex="174"/>
        <vertexboneassignment boneindex="14" weight="1.0" vertexindex="175"/>
        <vertexboneassignment boneindex="14" weight="1.0" vertexindex="176"/>
        <vertexboneassignment boneindex="14" weight="1.0" vertexindex="177"/>
        <vertexboneassignment boneindex="14" weight="1.0" vertexindex="178"/>
        <vertexboneassignment boneindex="14" weight="1.0" vertexindex="179"/>
        <vertexboneassignment boneindex="14" weight="1.0" vertexindex="180"/>
        <vertexboneassignment boneindex="14" weight="1.0" vertexindex="181"/>
        <vertexboneassignment boneindex="14" weight="1.0" vertexindex="182"/>
        <vertexboneassignment boneindex="14" weight="1.0" vertexindex="183"/>
        <vertexboneassignment boneindex="14" weight="1.0" vertexindex="184"/>
        <vertexboneassignment boneindex="14" weight="1.0" vertexindex="185"/>
        <vertexboneassignment boneindex="14" weight="1.0" vertexindex="186"/>
        <vertexboneassignment boneindex="14" weight="1.0" vertexindex="187"/>
    </boneassignments>
</mesh>