<?xml version="1.0" encoding="UTF-8"?>
<mesh>
    <sharedgeometry vertexcount="24">
        <vertexbuffer colours_diffuse="False" positions="true" texture_coords="0" normals="true">
            <vertex>
                <position y="15.299984" x="-2.447999" z="-8.972133"/>
                <normal y="-0.000000" x="-1.000000" z="-0.000000"/>
            </vertex>
            <vertex>
                <position y="15.299984" x="-2.447999" z="0.241315"/>
                <normal y="-0.000000" x="-1.000000" z="-0.000000"/>
            </vertex>
            <vertex>
                <position y="24.699297" x="-2.447999" z="0.241315"/>
                <normal y="-0.000000" x="-1.000000" z="-0.000000"/>
            </vertex>
            <vertex>
                <position y="24.699297" x="-2.447999" z="-8.972133"/>
                <normal y="-0.000000" x="-1.000000" z="-0.000000"/>
            </vertex>
            <vertex>
                <position y="24.699297" x="-2.447999" z="-8.972133"/>
                <normal y="-0.000000" x="0.000000" z="-1.000000"/>
            </vertex>
            <vertex>
                <position y="24.699297" x="3.408078" z="-8.972133"/>
                <normal y="-0.000000" x="0.000000" z="-1.000000"/>
            </vertex>
            <vertex>
                <position y="15.299984" x="3.408078" z="-8.972133"/>
                <normal y="-0.000000" x="0.000000" z="-1.000000"/>
            </vertex>
            <vertex>
                <position y="15.299984" x="-2.447999" z="-8.972133"/>
                <normal y="-0.000000" x="0.000000" z="-1.000000"/>
            </vertex>
            <vertex>
                <position y="24.699297" x="3.408078" z="-8.972133"/>
                <normal y="-0.000000" x="1.000000" z="-0.000000"/>
            </vertex>
            <vertex>
                <position y="24.699297" x="3.408078" z="0.241315"/>
                <normal y="-0.000000" x="1.000000" z="-0.000000"/>
            </vertex>
            <vertex>
                <position y="15.299984" x="3.408078" z="0.241315"/>
                <normal y="-0.000000" x="1.000000" z="-0.000000"/>
            </vertex>
            <vertex>
                <position y="15.299984" x="3.408078" z="-8.972133"/>
                <normal y="-0.000000" x="1.000000" z="-0.000000"/>
            </vertex>
            <vertex>
                <position y="15.299984" x="-2.447999" z="0.241315"/>
                <normal y="-0.000000" x="0.000000" z="1.000000"/>
            </vertex>
            <vertex>
                <position y="15.299984" x="3.408078" z="0.241315"/>
                <normal y="-0.000000" x="0.000000" z="1.000000"/>
            </vertex>
            <vertex>
                <position y="24.699297" x="3.408078" z="0.241315"/>
                <normal y="-0.000000" x="0.000000" z="1.000000"/>
            </vertex>
            <vertex>
                <position y="24.699297" x="-2.447999" z="0.241315"/>
                <normal y="-0.000000" x="0.000000" z="1.000000"/>
            </vertex>
            <vertex>
                <position y="15.299984" x="-2.447999" z="0.241315"/>
                <normal y="-1.000000" x="-0.000000" z="-0.000000"/>
            </vertex>
            <vertex>
                <position y="15.299984" x="-2.447999" z="-8.972133"/>
                <normal y="-1.000000" x="-0.000000" z="-0.000000"/>
            </vertex>
            <vertex>
                <position y="15.299984" x="3.408078" z="-8.972133"/>
                <normal y="-1.000000" x="-0.000000" z="-0.000000"/>
            </vertex>
            <vertex>
                <position y="15.299984" x="3.408078" z="0.241315"/>
                <normal y="-1.000000" x="-0.000000" z="-0.000000"/>
            </vertex>
            <vertex>
                <position y="24.699297" x="3.408078" z="0.241315"/>
                <normal y="1.000000" x="-0.000000" z="-0.000000"/>
            </vertex>
            <vertex>
                <position y="24.699297" x="3.408078" z="-8.972133"/>
                <normal y="1.000000" x="-0.000000" z="-0.000000"/>
            </vertex>
            <vertex>
                <position y="24.699297" x="-2.447999" z="-8.972133"/>
                <normal y="1.000000" x="-0.000000" z="-0.000000"/>
            </vertex>
            <vertex>
                <position y="24.699297" x="-2.447999" z="0.241315"/>
                <normal y="1.000000" x="-0.000000" z="-0.000000"/>
            </vertex>
        </vertexbuffer>
    </sharedgeometry>
    <submeshes>
        <submesh material="_missing_material_" operationtype="triangle_list" use32bitindexes="False" usesharedvertices="true">
            <faces count="12">
                <face v2="1" v3="2" v1="0"/>
                <face v2="2" v3="3" v1="0"/>
                <face v2="5" v3="6" v1="4"/>
                <face v2="6" v3="7" v1="4"/>
                <face v2="9" v3="10" v1="8"/>
                <face v2="10" v3="11" v1="8"/>
                <face v2="13" v3="14" v1="12"/>
                <face v2="14" v3="15" v1="12"/>
                <face v2="17" v3="18" v1="16"/>
                <face v2="18" v3="19" v1="16"/>
                <face v2="21" v3="22" v1="20"/>
                <face v2="22" v3="23" v1="20"/>
            </faces>
        </submesh>
    </submeshes>
    <submeshnames>
        <submesh index="0" name="_missing_material_">
        </submesh>
    </submeshnames>
</mesh>