<?xml version="1.0" encoding="UTF-8"?>
<mesh>
    <sharedgeometry vertexcount="257">
        <vertexbuffer colours_diffuse="False" positions="true" texture_coords="1" normals="true">
            <vertex>
                <position y="0.195090" x="-0.980785" z="-0.000000"/>
                <normal y="-0.193915" x="0.980987" z="-0.000000"/>
                <texcoord u="0.176310" v="0.246046"/>
            </vertex>
            <vertex>
                <position y="0.195090" x="-0.961940" z="-0.191342"/>
                <normal y="-0.193915" x="0.962157" z="0.191382"/>
                <texcoord u="0.133202" v="0.312181"/>
            </vertex>
            <vertex>
                <position y="0.382683" x="-0.906127" z="-0.180240"/>
                <normal y="-0.380535" x="0.906980" z="0.180395"/>
                <texcoord u="0.199718" v="0.347020"/>
            </vertex>
            <vertex>
                <position y="0.382683" x="-0.923880" z="-0.000000"/>
                <normal y="-0.380535" x="0.924741" z="-0.000000"/>
                <texcoord u="0.234692" v="0.292527"/>
            </vertex>
            <vertex>
                <position y="0.555570" x="-0.831470" z="-0.000000"/>
                <normal y="-0.552751" x="0.833338" z="-0.000000"/>
                <texcoord u="0.286351" v="0.333941"/>
            </vertex>
            <vertex>
                <position y="0.555570" x="-0.815493" z="-0.162212"/>
                <normal y="-0.552751" x="0.817316" z="0.162572"/>
                <texcoord u="0.258234" v="0.377679"/>
            </vertex>
            <vertex>
                <position y="0.707107" x="-0.693520" z="-0.137950"/>
                <normal y="-0.704031" x="0.696493" z="0.138524"/>
                <texcoord u="0.311019" v="0.405302"/>
            </vertex>
            <vertex>
                <position y="0.707107" x="-0.707107" z="-0.000000"/>
                <normal y="-0.704031" x="0.710135" z="-0.000000"/>
                <texcoord u="0.332884" v="0.371322"/>
            </vertex>
            <vertex>
                <position y="0.831470" x="-0.555570" z="-0.000000"/>
                <normal y="-0.828639" x="0.559771" z="-0.000000"/>
                <texcoord u="0.375848" v="0.405760"/>
            </vertex>
            <vertex>
                <position y="0.831470" x="-0.544895" z="-0.108386"/>
                <normal y="-0.828639" x="0.548997" z="0.109195"/>
                <texcoord u="0.359789" v="0.430724"/>
            </vertex>
            <vertex>
                <position y="0.923880" x="-0.375330" z="-0.074658"/>
                <normal y="-0.921690" x="0.380413" z="0.075655"/>
                <texcoord u="0.405903" v="0.454622"/>
            </vertex>
            <vertex>
                <position y="0.923880" x="-0.382683" z="-0.000000"/>
                <normal y="-0.921690" x="0.387860" z="-0.000000"/>
                <texcoord u="0.416465" v="0.438189"/>
            </vertex>
            <vertex>
                <position y="0.000000" x="-1.000000" z="-0.000000"/>
                <normal y="-0.097995" x="0.995178" z="-0.000000"/>
                <texcoord u="0.106649" v="0.190593"/>
            </vertex>
            <vertex>
                <position y="0.000000" x="-0.980785" z="-0.195090"/>
                <normal y="-0.097995" x="0.976043" z="0.194128"/>
                <texcoord u="0.054658" v="0.271065"/>
            </vertex>
            <vertex>
                <position y="0.980785" x="-0.191342" z="-0.038060"/>
                <normal y="-0.979583" x="0.197089" z="0.039186"/>
                <texcoord u="0.450502" v="0.477580"/>
            </vertex>
            <vertex>
                <position y="0.980785" x="-0.195090" z="-0.000000"/>
                <normal y="-0.979583" x="0.200964" z="-0.000000"/>
                <texcoord u="0.455753" v="0.469402"/>
            </vertex>
            <vertex>
                <position y="0.707107" x="-0.653281" z="-0.270598"/>
                <normal y="-0.704031" x="0.656056" z="0.271737"/>
                <texcoord u="0.296144" v="0.442838"/>
            </vertex>
            <vertex>
                <position y="0.831470" x="-0.513280" z="-0.212608"/>
                <normal y="-0.828639" x="0.517136" z="0.214209"/>
                <texcoord u="0.348883" v="0.458315"/>
            </vertex>
            <vertex>
                <position y="0.923880" x="-0.353553" z="-0.146447"/>
                <normal y="-0.921690" x="0.358348" z="0.148412"/>
                <texcoord u="0.398741" v="0.472790"/>
            </vertex>
            <vertex>
                <position y="0.980785" x="-0.180240" z="-0.074658"/>
                <normal y="-0.979583" x="0.185644" z="0.076907"/>
                <texcoord u="0.446945" v="0.486623"/>
            </vertex>
            <vertex>
                <position y="0.195090" x="-0.906127" z="-0.375330"/>
                <normal y="-0.193915" x="0.906339" z="0.375408"/>
                <texcoord u="0.103611" v="0.385483"/>
            </vertex>
            <vertex>
                <position y="0.382683" x="-0.853553" z="-0.353553"/>
                <normal y="-0.380535" x="0.854366" z="0.353862"/>
                <texcoord u="0.175747" v="0.407080"/>
            </vertex>
            <vertex>
                <position y="0.555570" x="-0.768178" z="-0.318190"/>
                <normal y="-0.552751" x="0.769890" z="0.318888"/>
                <texcoord u="0.239059" v="0.425940"/>
            </vertex>
            <vertex>
                <position y="0.000000" x="-0.923879" z="-0.382684"/>
                <normal y="-0.097995" x="0.919401" z="0.380840"/>
                <texcoord u="0.018603" v="0.360040"/>
            </vertex>
            <vertex>
                <position y="0.707107" x="-0.587938" z="-0.392848"/>
                <normal y="-0.704031" x="0.590442" z="0.394513"/>
                <texcoord u="0.288807" v="0.482530"/>
            </vertex>
            <vertex>
                <position y="0.831470" x="-0.461940" z="-0.308658"/>
                <normal y="-0.828639" x="0.465407" z="0.310984"/>
                <texcoord u="0.343537" v="0.487491"/>
            </vertex>
            <vertex>
                <position y="0.923880" x="-0.318190" z="-0.212608"/>
                <normal y="-0.921690" x="0.322489" z="0.215491"/>
                <texcoord u="0.395248" v="0.492001"/>
            </vertex>
            <vertex>
                <position y="0.980785" x="-0.162212" z="-0.108387"/>
                <normal y="-0.979583" x="0.167089" z="0.111637"/>
                <texcoord u="0.445218" v="0.496185"/>
            </vertex>
            <vertex>
                <position y="0.195090" x="-0.815493" z="-0.544895"/>
                <normal y="-0.193915" x="0.815668" z="0.545000"/>
                <texcoord u="0.088615" v="0.463255"/>
            </vertex>
            <vertex>
                <position y="0.382683" x="-0.768178" z="-0.513280"/>
                <normal y="-0.380535" x="0.768914" z="0.513749"/>
                <texcoord u="0.163715" v="0.470640"/>
            </vertex>
            <vertex>
                <position y="0.555570" x="-0.691342" z="-0.461940"/>
                <normal y="-0.552751" x="0.692892" z="0.462966"/>
                <texcoord u="0.229527" v="0.476975"/>
            </vertex>
            <vertex>
                <position y="0.000000" x="-0.831469" z="-0.555570"/>
                <normal y="-0.097995" x="0.827448" z="0.552873"/>
                <texcoord u="0.000100" v="0.454549"/>
            </vertex>
            <vertex>
                <position y="0.707107" x="-0.500000" z="-0.500000"/>
                <normal y="-0.704031" x="0.502121" z="0.502121"/>
                <texcoord u="0.289286" v="0.522895"/>
            </vertex>
            <vertex>
                <position y="0.831470" x="-0.392847" z="-0.392848"/>
                <normal y="-0.828639" x="0.395795" z="0.395795"/>
                <texcoord u="0.343951" v="0.517150"/>
            </vertex>
            <vertex>
                <position y="0.923880" x="-0.270598" z="-0.270598"/>
                <normal y="-0.921690" x="0.274270" z="0.274270"/>
                <texcoord u="0.395556" v="0.511526"/>
            </vertex>
            <vertex>
                <position y="0.980785" x="-0.137950" z="-0.137950"/>
                <normal y="-0.979583" x="0.142094" z="0.142094"/>
                <texcoord u="0.445387" v="0.505901"/>
            </vertex>
            <vertex>
                <position y="0.195090" x="-0.693520" z="-0.693520"/>
                <normal y="-0.193915" x="0.693655" z="0.693655"/>
                <texcoord u="0.088868" v="0.542629"/>
            </vertex>
            <vertex>
                <position y="0.382683" x="-0.653281" z="-0.653282"/>
                <normal y="-0.380535" x="0.653890" z="0.653890"/>
                <texcoord u="0.164138" v="0.535398"/>
            </vertex>
            <vertex>
                <position y="0.555570" x="-0.587938" z="-0.587938"/>
                <normal y="-0.552751" x="0.589251" z="0.589251"/>
                <texcoord u="0.230016" v="0.528913"/>
            </vertex>
            <vertex>
                <position y="0.000000" x="-0.707107" z="-0.707107"/>
                <normal y="-0.097995" x="0.703696" z="0.703696"/>
                <texcoord u="0.000100" v="0.551157"/>
            </vertex>
            <vertex>
                <position y="0.707107" x="-0.392847" z="-0.587938"/>
                <normal y="-0.704031" x="0.394513" z="0.590442"/>
                <texcoord u="0.297577" v="0.562423"/>
            </vertex>
            <vertex>
                <position y="0.831470" x="-0.308658" z="-0.461940"/>
                <normal y="-0.828639" x="0.310984" z="0.465407"/>
                <texcoord u="0.350116" v="0.546173"/>
            </vertex>
            <vertex>
                <position y="0.923880" x="-0.212607" z="-0.318190"/>
                <normal y="-0.921690" x="0.215491" z="0.322489"/>
                <texcoord u="0.399657" v="0.530622"/>
            </vertex>
            <vertex>
                <position y="0.980785" x="-0.108386" z="-0.162212"/>
                <normal y="-0.979583" x="0.111637" z="0.167089"/>
                <texcoord u="0.447445" v="0.515399"/>
            </vertex>
            <vertex>
                <position y="0.195090" x="-0.544895" z="-0.815493"/>
                <normal y="-0.193915" x="0.545000" z="0.815668"/>
                <texcoord u="0.104474" v="0.620632"/>
            </vertex>
            <vertex>
                <position y="0.382683" x="-0.513280" z="-0.768178"/>
                <normal y="-0.380535" x="0.513749" z="0.768914"/>
                <texcoord u="0.177073" v="0.598948"/>
            </vertex>
            <vertex>
                <position y="0.555570" x="-0.461940" z="-0.691342"/>
                <normal y="-0.552751" x="0.462966" z="0.692892"/>
                <texcoord u="0.240544" v="0.579820"/>
            </vertex>
            <vertex>
                <position y="0.000000" x="-0.555570" z="-0.831470"/>
                <normal y="-0.097995" x="0.552873" z="0.827448"/>
                <texcoord u="0.018811" v="0.646224"/>
            </vertex>
            <vertex>
                <position y="0.707107" x="-0.270598" z="-0.653282"/>
                <normal y="-0.704031" x="0.271737" z="0.656056"/>
                <texcoord u="0.313387" v="0.599620"/>
            </vertex>
            <vertex>
                <position y="0.831470" x="-0.212607" z="-0.513280"/>
                <normal y="-0.828639" x="0.214209" z="0.517136"/>
                <texcoord u="0.361805" v="0.573459"/>
            </vertex>
            <vertex>
                <position y="0.923880" x="-0.146446" z="-0.353554"/>
                <normal y="-0.921690" x="0.148412" z="0.358348"/>
                <texcoord u="0.407396" v="0.548560"/>
            </vertex>
            <vertex>
                <position y="0.980785" x="-0.074658" z="-0.180240"/>
                <normal y="-0.979583" x="0.076907" z="0.185644"/>
                <texcoord u="0.451315" v="0.524316"/>
            </vertex>
            <vertex>
                <position y="0.195090" x="-0.375330" z="-0.906128"/>
                <normal y="-0.193915" x="0.375408" z="0.906339"/>
                <texcoord u="0.134951" v="0.694294"/>
            </vertex>
            <vertex>
                <position y="0.382683" x="-0.353553" z="-0.853554"/>
                <normal y="-0.380535" x="0.353862" z="0.854366"/>
                <texcoord u="0.202105" v="0.658888"/>
            </vertex>
            <vertex>
                <position y="0.555570" x="-0.318189" z="-0.768178"/>
                <normal y="-0.552751" x="0.318888" z="0.769890"/>
                <texcoord u="0.260754" v="0.627776"/>
            </vertex>
            <vertex>
                <position y="0.000000" x="-0.382683" z="-0.923880"/>
                <normal y="-0.097995" x="0.380840" z="0.919401"/>
                <texcoord u="0.055684" v="0.736103"/>
            </vertex>
            <vertex>
                <position y="0.707107" x="-0.137949" z="-0.693520"/>
                <normal y="-0.704031" x="0.138524" z="0.696493"/>
                <texcoord u="0.336139" v="0.633069"/>
            </vertex>
            <vertex>
                <position y="0.831470" x="-0.108386" z="-0.544895"/>
                <normal y="-0.828639" x="0.109195" z="0.548997"/>
                <texcoord u="0.378585" v="0.597968"/>
            </vertex>
            <vertex>
                <position y="0.923880" x="-0.074658" z="-0.375331"/>
                <normal y="-0.921690" x="0.075655" z="0.380413"/>
                <texcoord u="0.418482" v="0.564655"/>
            </vertex>
            <vertex>
                <position y="0.980785" x="-0.038060" z="-0.191342"/>
                <normal y="-0.979583" x="0.039186" z="0.197089"/>
                <texcoord u="0.456849" v="0.532310"/>
            </vertex>
            <vertex>
                <position y="0.195090" x="-0.191341" z="-0.961940"/>
                <normal y="-0.193915" x="0.191382" z="0.962157"/>
                <texcoord u="0.179227" v="0.760780"/>
            </vertex>
            <vertex>
                <position y="0.382683" x="-0.180240" z="-0.906128"/>
                <normal y="-0.380535" x="0.180395" z="0.906980"/>
                <texcoord u="0.238345" v="0.712922"/>
            </vertex>
            <vertex>
                <position y="0.555570" x="-0.162211" z="-0.815493"/>
                <normal y="-0.552751" x="0.162572" z="0.817316"/>
                <texcoord u="0.289920" v="0.670955"/>
            </vertex>
            <vertex>
                <position y="0.000000" x="-0.195090" z="-0.980785"/>
                <normal y="-0.097995" x="0.194128" z="0.976043"/>
                <texcoord u="0.109433" v="0.817310"/>
            </vertex>
            <vertex>
                <position y="0.707107" x="0.000000" z="-0.707107"/>
                <normal y="-0.704031" x="0.000000" z="0.710135"/>
                <texcoord u="0.364987" v="0.661487"/>
            </vertex>
            <vertex>
                <position y="0.831470" x="0.000000" z="-0.555570"/>
                <normal y="-0.828639" x="0.000000" z="0.559771"/>
                <texcoord u="0.399828" v="0.618759"/>
            </vertex>
            <vertex>
                <position y="0.923880" x="0.000000" z="-0.382684"/>
                <normal y="-0.921690" x="0.000000" z="0.387860"/>
                <texcoord u="0.432497" v="0.578290"/>
            </vertex>
            <vertex>
                <position y="0.980785" x="0.000000" z="-0.195091"/>
                <normal y="-0.979583" x="0.000000" z="0.200964"/>
                <texcoord u="0.463837" v="0.539074"/>
            </vertex>
            <vertex>
                <position y="0.195090" x="0.000000" z="-0.980785"/>
                <normal y="-0.193915" x="0.000000" z="0.980987"/>
                <texcoord u="0.235687" v="0.817507"/>
            </vertex>
            <vertex>
                <position y="0.382683" x="0.000000" z="-0.923880"/>
                <normal y="-0.380535" x="0.000000" z="0.924741"/>
                <texcoord u="0.284466" v="0.758965"/>
            </vertex>
            <vertex>
                <position y="0.555570" x="0.000000" z="-0.831470"/>
                <normal y="-0.552751" x="0.000000" z="0.833338"/>
                <texcoord u="0.326968" v="0.707694"/>
            </vertex>
            <vertex>
                <position y="0.000000" x="0.000000" z="-1.000000"/>
                <normal y="-0.097995" x="0.000000" z="0.995178"/>
                <texcoord u="0.178095" v="0.886673"/>
            </vertex>
            <vertex>
                <position y="0.707107" x="0.137950" z="-0.693520"/>
                <normal y="-0.704031" x="-0.138524" z="0.696493"/>
                <texcoord u="0.398850" v="0.683774"/>
            </vertex>
            <vertex>
                <position y="0.831470" x="0.108387" z="-0.544895"/>
                <normal y="-0.828639" x="-0.109195" z="0.548997"/>
                <texcoord u="0.424732" v="0.635030"/>
            </vertex>
            <vertex>
                <position y="0.923880" x="0.074658" z="-0.375331"/>
                <normal y="-0.921690" x="-0.075655" z="0.380413"/>
                <texcoord u="0.448909" v="0.588939"/>
            </vertex>
            <vertex>
                <position y="0.980785" x="0.038061" z="-0.191342"/>
                <normal y="-0.979583" x="-0.039186" z="0.197089"/>
                <texcoord u="0.472012" v="0.544347"/>
            </vertex>
            <vertex>
                <position y="0.195090" x="0.191342" z="-0.961940"/>
                <normal y="-0.193915" x="-0.191382" z="0.962157"/>
                <texcoord u="0.302228" v="0.862254"/>
            </vertex>
            <vertex>
                <position y="0.382683" x="0.180240" z="-0.906128"/>
                <normal y="-0.380535" x="-0.180395" z="0.906980"/>
                <texcoord u="0.338750" v="0.795218"/>
            </vertex>
            <vertex>
                <position y="0.555570" x="0.162212" z="-0.815493"/>
                <normal y="-0.552751" x="-0.162572" z="0.817316"/>
                <texcoord u="0.370513" v="0.736565"/>
            </vertex>
            <vertex>
                <position y="0.000000" x="0.195091" z="-0.980785"/>
                <normal y="-0.097995" x="-0.194128" z="0.976043"/>
                <texcoord u="0.259111" v="0.941464"/>
            </vertex>
            <vertex>
                <position y="0.707107" x="0.270598" z="-0.653282"/>
                <normal y="-0.704031" x="-0.271737" z="0.656056"/>
                <texcoord u="0.436449" v="0.699056"/>
            </vertex>
            <vertex>
                <position y="0.831470" x="0.212608" z="-0.513280"/>
                <normal y="-0.828639" x="-0.214209" z="0.517136"/>
                <texcoord u="0.452352" v="0.646147"/>
            </vertex>
            <vertex>
                <position y="0.923880" x="0.146447" z="-0.353554"/>
                <normal y="-0.921690" x="-0.148412" z="0.358348"/>
                <texcoord u="0.467092" v="0.596189"/>
            </vertex>
            <vertex>
                <position y="0.980785" x="0.074658" z="-0.180240"/>
                <normal y="-0.979583" x="-0.076907" z="0.185644"/>
                <texcoord u="0.481062" v="0.547926"/>
            </vertex>
            <vertex>
                <position y="0.195090" x="0.375331" z="-0.906127"/>
                <normal y="-0.193915" x="-0.375408" z="0.906339"/>
                <texcoord u="0.376345" v="0.893247"/>
            </vertex>
            <vertex>
                <position y="0.382683" x="0.353554" z="-0.853554"/>
                <normal y="-0.380535" x="-0.353862" z="0.854366"/>
                <texcoord u="0.399153" v="0.820251"/>
            </vertex>
            <vertex>
                <position y="0.555570" x="0.318190" z="-0.768178"/>
                <normal y="-0.552751" x="-0.318888" z="0.769890"/>
                <texcoord u="0.418915" v="0.756433"/>
            </vertex>
            <vertex>
                <position y="0.000000" x="0.382684" z="-0.923880"/>
                <normal y="-0.097995" x="-0.380840" z="0.919401"/>
                <texcoord u="0.349427" v="0.979507"/>
            </vertex>
            <vertex>
                <position y="0.707107" x="0.392848" z="-0.587938"/>
                <normal y="-0.704031" x="-0.394513" z="0.590442"/>
                <texcoord u="0.476352" v="0.706725"/>
            </vertex>
            <vertex>
                <position y="0.831470" x="0.308659" z="-0.461940"/>
                <normal y="-0.828639" x="-0.310984" z="0.465407"/>
                <texcoord u="0.481637" v="0.651670"/>
            </vertex>
            <vertex>
                <position y="0.923880" x="0.212608" z="-0.318190"/>
                <normal y="-0.921690" x="-0.215491" z="0.322489"/>
                <texcoord u="0.486353" v="0.599756"/>
            </vertex>
            <vertex>
                <position y="0.980785" x="0.108387" z="-0.162212"/>
                <normal y="-0.979583" x="-0.111637" z="0.167089"/>
                <texcoord u="0.490640" v="0.549672"/>
            </vertex>
            <vertex>
                <position y="0.195090" x="0.544895" z="-0.815493"/>
                <normal y="-0.193915" x="-0.545000" z="0.815668"/>
                <texcoord u="0.455226" v="0.909235"/>
            </vertex>
            <vertex>
                <position y="0.382683" x="0.513280" z="-0.768178"/>
                <normal y="-0.380535" x="-0.513749" z="0.768914"/>
                <texcoord u="0.463383" v="0.833055"/>
            </vertex>
            <vertex>
                <position y="0.555570" x="0.461940" z="-0.691342"/>
                <normal y="-0.552751" x="-0.462966" z="0.692892"/>
                <texcoord u="0.470335" v="0.766501"/>
            </vertex>
            <vertex>
                <position y="0.000000" x="0.555571" z="-0.831470"/>
                <normal y="-0.097995" x="-0.552873" z="0.827448"/>
                <texcoord u="0.445615" v="0.999266"/>
            </vertex>
            <vertex>
                <position y="0.707107" x="0.500000" z="-0.500000"/>
                <normal y="-0.704031" x="-0.502121" z="0.502121"/>
                <texcoord u="0.517034" v="0.706459"/>
            </vertex>
            <vertex>
                <position y="0.831470" x="0.392848" z="-0.392848"/>
                <normal y="-0.828639" x="-0.395795" z="0.395795"/>
                <texcoord u="0.511464" v="0.651371"/>
            </vertex>
            <vertex>
                <position y="0.923880" x="0.270599" z="-0.270598"/>
                <normal y="-0.921690" x="-0.274270" z="0.274270"/>
                <texcoord u="0.505951" v="0.599495"/>
            </vertex>
            <vertex>
                <position y="0.980785" x="0.137950" z="-0.137950"/>
                <normal y="-0.979583" x="-0.142094" z="0.142094"/>
                <texcoord u="0.500378" v="0.549514"/>
            </vertex>
            <vertex>
                <position y="0.195090" x="0.693520" z="-0.693520"/>
                <normal y="-0.193915" x="-0.693655" z="0.693655"/>
                <texcoord u="0.535863" v="0.909538"/>
            </vertex>
            <vertex>
                <position y="0.382683" x="0.653282" z="-0.653282"/>
                <normal y="-0.380535" x="-0.653890" z="0.653890"/>
                <texcoord u="0.528989" v="0.833085"/>
            </vertex>
            <vertex>
                <position y="0.555570" x="0.587938" z="-0.587938"/>
                <normal y="-0.552751" x="-0.589251" z="0.589251"/>
                <texcoord u="0.522809" v="0.766344"/>
            </vertex>
            <vertex>
                <position y="0.000000" x="0.707107" z="-0.707107"/>
                <normal y="-0.097995" x="-0.703696" z="0.703696"/>
                <texcoord u="0.544009" v="0.999900"/>
            </vertex>
            <vertex>
                <position y="0.707107" x="0.587938" z="-0.392848"/>
                <normal y="-0.704031" x="-0.590442" z="0.394513"/>
                <texcoord u="0.556929" v="0.698243"/>
            </vertex>
            <vertex>
                <position y="0.831470" x="0.461940" z="-0.308658"/>
                <normal y="-0.828639" x="-0.465407" z="0.310984"/>
                <texcoord u="0.540685" v="0.645247"/>
            </vertex>
            <vertex>
                <position y="0.923880" x="0.318190" z="-0.212608"/>
                <normal y="-0.921690" x="-0.322489" z="0.215491"/>
                <texcoord u="0.525132" v="0.595409"/>
            </vertex>
            <vertex>
                <position y="0.980785" x="0.162212" z="-0.108386"/>
                <normal y="-0.979583" x="-0.167089" z="0.111637"/>
                <texcoord u="0.509900" v="0.547458"/>
            </vertex>
            <vertex>
                <position y="0.195090" x="0.815493" z="-0.544895"/>
                <normal y="-0.193915" x="-0.815668" z="0.545000"/>
                <texcoord u="0.615167" v="0.894069"/>
            </vertex>
            <vertex>
                <position y="0.382683" x="0.768178" z="-0.513280"/>
                <normal y="-0.380535" x="-0.768914" z="0.513749"/>
                <texcoord u="0.593452" v="0.820284"/>
            </vertex>
            <vertex>
                <position y="0.555570" x="0.691342" z="-0.461940"/>
                <normal y="-0.552751" x="-0.692892" z="0.462966"/>
                <texcoord u="0.574319" v="0.755926"/>
            </vertex>
            <vertex>
                <position y="0.000000" x="0.831470" z="-0.555570"/>
                <normal y="-0.097995" x="-0.827448" z="0.552873"/>
                <texcoord u="0.640846" v="0.981296"/>
            </vertex>
            <vertex>
                <position y="0.707107" x="0.653282" z="-0.270598"/>
                <normal y="-0.704031" x="-0.656056" z="0.271737"/>
                <texcoord u="0.594492" v="0.682364"/>
            </vertex>
            <vertex>
                <position y="0.831470" x="0.513280" z="-0.212608"/>
                <normal y="-0.828639" x="-0.517136" z="0.214209"/>
                <texcoord u="0.568169" v="0.633518"/>
            </vertex>
            <vertex>
                <position y="0.923880" x="0.353554" z="-0.146447"/>
                <normal y="-0.921690" x="-0.358348" z="0.148412"/>
                <texcoord u="0.543156" v="0.587649"/>
            </vertex>
            <vertex>
                <position y="0.980785" x="0.180240" z="-0.074658"/>
                <normal y="-0.979583" x="-0.185644" z="0.076907"/>
                <texcoord u="0.518840" v="0.543581"/>
            </vertex>
            <vertex>
                <position y="0.195090" x="0.906128" z="-0.375330"/>
                <normal y="-0.193915" x="-0.906339" z="0.375408"/>
                <texcoord u="0.690081" v="0.863343"/>
            </vertex>
            <vertex>
                <position y="0.382683" x="0.853554" z="-0.353553"/>
                <normal y="-0.380535" x="-0.854366" z="0.353862"/>
                <texcoord u="0.654282" v="0.795083"/>
            </vertex>
            <vertex>
                <position y="0.555570" x="0.768178" z="-0.318190"/>
                <normal y="-0.552751" x="-0.769890" z="0.318888"/>
                <texcoord u="0.622872" v="0.735605"/>
            </vertex>
            <vertex>
                <position y="0.000000" x="0.923880" z="-0.382683"/>
                <normal y="-0.097995" x="-0.919401" z="0.380840"/>
                <texcoord u="0.732405" v="0.944069"/>
            </vertex>
            <vertex>
                <position y="0.707107" x="0.693520" z="-0.137950"/>
                <normal y="-0.704031" x="-0.696493" z="0.138524"/>
                <texcoord u="0.628259" v="0.659412"/>
            </vertex>
            <vertex>
                <position y="0.831470" x="0.544896" z="-0.108386"/>
                <normal y="-0.828639" x="-0.548997" z="0.109195"/>
                <texcoord u="0.592847" v="0.616624"/>
            </vertex>
            <vertex>
                <position y="0.923880" x="0.375331" z="-0.074658"/>
                <normal y="-0.921690" x="-0.380413" z="0.075655"/>
                <texcoord u="0.559323" v="0.576510"/>
            </vertex>
            <vertex>
                <position y="0.980785" x="0.191342" z="-0.038060"/>
                <normal y="-0.979583" x="-0.197089" z="0.039186"/>
                <texcoord u="0.526853" v="0.538030"/>
            </vertex>
            <vertex>
                <position y="0.195090" x="0.961940" z="-0.191342"/>
                <normal y="-0.193915" x="-0.962157" z="0.191382"/>
                <texcoord u="0.757696" v="0.818455"/>
            </vertex>
            <vertex>
                <position y="0.382683" x="0.906128" z="-0.180240"/>
                <normal y="-0.380535" x="-0.906980" z="0.180395"/>
                <texcoord u="0.709108" v="0.758389"/>
            </vertex>
            <vertex>
                <position y="0.555570" x="0.815493" z="-0.162212"/>
                <normal y="-0.552751" x="-0.817316" z="0.162572"/>
                <texcoord u="0.666572" v="0.706125"/>
            </vertex>
            <vertex>
                <position y="0.000000" x="0.980786" z="-0.195090"/>
                <normal y="-0.097995" x="-0.976043" z="0.194128"/>
                <texcoord u="0.815149" v="0.889535"/>
            </vertex>
            <vertex>
                <position y="0.707107" x="0.707107" z="0.000000"/>
                <normal y="-0.704031" x="-0.710135" z="-0.000000"/>
                <texcoord u="0.656899" v="0.630254"/>
            </vertex>
            <vertex>
                <position y="0.831470" x="0.555571" z="-0.000000"/>
                <normal y="-0.828639" x="-0.559771" z="-0.000000"/>
                <texcoord u="0.613753" v="0.595209"/>
            </vertex>
            <vertex>
                <position y="0.923880" x="0.382684" z="-0.000000"/>
                <normal y="-0.921690" x="-0.387860" z="-0.000000"/>
                <texcoord u="0.573005" v="0.562417"/>
            </vertex>
            <vertex>
                <position y="0.980785" x="0.195091" z="0.000000"/>
                <normal y="-0.979583" x="-0.200964" z="-0.000000"/>
                <texcoord u="0.533628" v="0.531019"/>
            </vertex>
            <vertex>
                <position y="0.195090" x="0.980785" z="0.000000"/>
                <normal y="-0.193915" x="-0.980987" z="-0.000000"/>
                <texcoord u="0.815352" v="0.761041"/>
            </vertex>
            <vertex>
                <position y="0.382683" x="0.923880" z="-0.000000"/>
                <normal y="-0.380535" x="-0.924741" z="-0.000000"/>
                <texcoord u="0.755762" v="0.711558"/>
            </vertex>
            <vertex>
                <position y="0.555570" x="0.831470" z="0.000000"/>
                <normal y="-0.552751" x="-0.833338" z="-0.000000"/>
                <texcoord u="0.703694" v="0.668587"/>
            </vertex>
            <vertex>
                <position y="0.000000" x="1.000000" z="0.000000"/>
                <normal y="-0.097995" x="-0.995178" z="-0.000000"/>
                <texcoord u="0.885846" v="0.819662"/>
            </vertex>
            <vertex>
                <position y="0.707107" x="0.693520" z="0.137950"/>
                <normal y="-0.704031" x="-0.696493" z="-0.138524"/>
                <texcoord u="0.679276" v="0.596011"/>
            </vertex>
            <vertex>
                <position y="0.831470" x="0.544896" z="0.108386"/>
                <normal y="-0.828639" x="-0.548997" z="-0.109195"/>
                <texcoord u="0.630064" v="0.570097"/>
            </vertex>
            <vertex>
                <position y="0.923880" x="0.375331" z="0.074658"/>
                <normal y="-0.921690" x="-0.380413" z="-0.075655"/>
                <texcoord u="0.583667" v="0.545913"/>
            </vertex>
            <vertex>
                <position y="0.980785" x="0.191342" z="0.038060"/>
                <normal y="-0.979583" x="-0.197089" z="-0.039186"/>
                <texcoord u="0.538903" v="0.522818"/>
            </vertex>
            <vertex>
                <position y="0.195090" x="0.961940" z="0.191342"/>
                <normal y="-0.193915" x="-0.962157" z="-0.191382"/>
                <texcoord u="0.860733" v="0.693224"/>
            </vertex>
            <vertex>
                <position y="0.382683" x="0.906128" z="0.180240"/>
                <normal y="-0.380535" x="-0.906980" z="-0.180395"/>
                <texcoord u="0.792360" v="0.656348"/>
            </vertex>
            <vertex>
                <position y="0.555570" x="0.815493" z="0.162212"/>
                <normal y="-0.552751" x="-0.817316" z="-0.162572"/>
                <texcoord u="0.732745" v="0.624423"/>
            </vertex>
            <vertex>
                <position y="0.000000" x="0.980786" z="0.195090"/>
                <normal y="-0.097995" x="-0.976043" z="-0.194128"/>
                <texcoord u="0.941679" v="0.736983"/>
            </vertex>
            <vertex>
                <position y="0.707107" x="0.653282" z="0.270598"/>
                <normal y="-0.704031" x="-0.656056" z="-0.271737"/>
                <texcoord u="0.694492" v="0.558013"/>
            </vertex>
            <vertex>
                <position y="0.831470" x="0.513280" z="0.212608"/>
                <normal y="-0.828639" x="-0.517136" z="-0.214209"/>
                <texcoord u="0.641138" v="0.542263"/>
            </vertex>
            <vertex>
                <position y="0.923880" x="0.353554" z="0.146447"/>
                <normal y="-0.921690" x="-0.358348" z="-0.148412"/>
                <texcoord u="0.590893" v="0.527638"/>
            </vertex>
            <vertex>
                <position y="0.980785" x="0.180240" z="0.074658"/>
                <normal y="-0.979583" x="-0.185644" z="-0.076907"/>
                <texcoord u="0.542473" v="0.513744"/>
            </vertex>
            <vertex>
                <position y="0.195090" x="0.906127" z="0.375330"/>
                <normal y="-0.193915" x="-0.906339" z="-0.375408"/>
                <texcoord u="0.891942" v="0.617557"/>
            </vertex>
            <vertex>
                <position y="0.382683" x="0.853554" z="0.353553"/>
                <normal y="-0.380535" x="-0.854366" z="-0.353862"/>
                <texcoord u="0.817358" v="0.594881"/>
            </vertex>
            <vertex>
                <position y="0.555570" x="0.768178" z="0.318190"/>
                <normal y="-0.552751" x="-0.769890" z="-0.318888"/>
                <texcoord u="0.752533" v="0.575350"/>
            </vertex>
            <vertex>
                <position y="0.000000" x="0.923880" z="0.382684"/>
                <normal y="-0.097995" x="-0.919401" z="-0.380840"/>
                <texcoord u="0.980307" v="0.644518"/>
            </vertex>
            <vertex>
                <position y="0.707107" x="0.587938" z="0.392847"/>
                <normal y="-0.704031" x="-0.590442" z="-0.394513"/>
                <texcoord u="0.701937" v="0.517753"/>
            </vertex>
            <vertex>
                <position y="0.831470" x="0.461940" z="0.308658"/>
                <normal y="-0.828639" x="-0.465407" z="-0.310984"/>
                <texcoord u="0.646535" v="0.512792"/>
            </vertex>
            <vertex>
                <position y="0.923880" x="0.318190" z="0.212608"/>
                <normal y="-0.921690" x="-0.322489" z="-0.215491"/>
                <texcoord u="0.594400" v="0.508300"/>
            </vertex>
            <vertex>
                <position y="0.980785" x="0.162212" z="0.108386"/>
                <normal y="-0.979583" x="-0.167089" z="-0.111637"/>
                <texcoord u="0.544200" v="0.504147"/>
            </vertex>
            <vertex>
                <position y="0.195090" x="0.815493" z="0.544895"/>
                <normal y="-0.193915" x="-0.815668" z="-0.545000"/>
                <texcoord u="0.907598" v="0.536949"/>
            </vertex>
            <vertex>
                <position y="0.382683" x="0.768178" z="0.513280"/>
                <normal y="-0.380535" x="-0.768914" z="-0.513749"/>
                <texcoord u="0.829597" v="0.529604"/>
            </vertex>
            <vertex>
                <position y="0.555570" x="0.691342" z="0.461940"/>
                <normal y="-0.552751" x="-0.692892" z="-0.462966"/>
                <texcoord u="0.762225" v="0.523318"/>
            </vertex>
            <vertex>
                <position y="0.000000" x="0.831470" z="0.555570"/>
                <normal y="-0.097995" x="-0.827448" z="-0.552873"/>
                <texcoord u="0.999900" v="0.545701"/>
            </vertex>
            <vertex>
                <position y="0.707107" x="0.500000" z="0.500000"/>
                <normal y="-0.704031" x="-0.502121" z="-0.502121"/>
                <texcoord u="0.701321" v="0.476816"/>
            </vertex>
            <vertex>
                <position y="0.831470" x="0.392848" z="0.392848"/>
                <normal y="-0.828639" x="-0.395795" z="-0.395795"/>
                <texcoord u="0.646045" v="0.482838"/>
            </vertex>
            <vertex>
                <position y="0.923880" x="0.270598" z="0.270598"/>
                <normal y="-0.921690" x="-0.274270" z="-0.274270"/>
                <texcoord u="0.594053" v="0.488652"/>
            </vertex>
            <vertex>
                <position y="0.980785" x="0.137950" z="0.137950"/>
                <normal y="-0.979583" x="-0.142094" z="-0.142094"/>
                <texcoord u="0.544018" v="0.494398"/>
            </vertex>
            <vertex>
                <position y="0.195090" x="0.693520" z="0.693520"/>
                <normal y="-0.193915" x="-0.693655" z="-0.693655"/>
                <texcoord u="0.907011" v="0.454526"/>
            </vertex>
            <vertex>
                <position y="0.382683" x="0.653282" z="0.653281"/>
                <normal y="-0.380535" x="-0.653890" z="-0.653890"/>
                <texcoord u="0.828298" v="0.463387"/>
            </vertex>
            <vertex>
                <position y="0.555570" x="0.587938" z="0.587938"/>
                <normal y="-0.552751" x="-0.589251" z="-0.589251"/>
                <texcoord u="0.761455" v="0.470403"/>
            </vertex>
            <vertex>
                <position y="0.000000" x="0.707107" z="0.707107"/>
                <normal y="-0.097995" x="-0.703696" z="-0.703696"/>
                <texcoord u="0.999118" v="0.444428"/>
            </vertex>
            <vertex>
                <position y="0.707107" x="0.392848" z="0.587938"/>
                <normal y="-0.704031" x="-0.394513" z="-0.590442"/>
                <texcoord u="0.692685" v="0.436817"/>
            </vertex>
            <vertex>
                <position y="0.831470" x="0.308659" z="0.461940"/>
                <normal y="-0.828639" x="-0.310984" z="-0.465407"/>
                <texcoord u="0.639690" v="0.453571"/>
            </vertex>
            <vertex>
                <position y="0.923880" x="0.212608" z="0.318190"/>
                <normal y="-0.921690" x="-0.215491" z="-0.322489"/>
                <texcoord u="0.589866" v="0.469457"/>
            </vertex>
            <vertex>
                <position y="0.980785" x="0.108387" z="0.162212"/>
                <normal y="-0.979583" x="-0.111637" z="-0.167089"/>
                <texcoord u="0.541933" v="0.484875"/>
            </vertex>
            <vertex>
                <position y="0.195090" x="0.544895" z="0.815493"/>
                <normal y="-0.193915" x="-0.545000" z="-0.815668"/>
                <texcoord u="0.889210" v="0.374100"/>
            </vertex>
            <vertex>
                <position y="0.382683" x="0.513280" z="0.768178"/>
                <normal y="-0.380535" x="-0.513749" z="-0.768914"/>
                <texcoord u="0.814894" v="0.398535"/>
            </vertex>
            <vertex>
                <position y="0.555570" x="0.461940" z="0.691342"/>
                <normal y="-0.552751" x="-0.462966" z="-0.692892"/>
                <texcoord u="0.750395" v="0.418692"/>
            </vertex>
            <vertex>
                <position y="0.000000" x="0.555570" z="0.831470"/>
                <normal y="-0.097995" x="-0.552873" z="-0.827448"/>
                <texcoord u="0.977320" v="0.345535"/>
            </vertex>
            <vertex>
                <position y="0.707107" x="0.270598" z="0.653281"/>
                <normal y="-0.704031" x="-0.271737" z="-0.656056"/>
                <texcoord u="0.676370" v="0.399324"/>
            </vertex>
            <vertex>
                <position y="0.831470" x="0.212608" z="0.513280"/>
                <normal y="-0.828639" x="-0.214209" z="-0.517136"/>
                <texcoord u="0.627728" v="0.426137"/>
            </vertex>
            <vertex>
                <position y="0.923880" x="0.146447" z="0.353553"/>
                <normal y="-0.921690" x="-0.148412" z="-0.358348"/>
                <texcoord u="0.582006" v="0.451461"/>
            </vertex>
            <vertex>
                <position y="0.980785" x="0.074658" z="0.180240"/>
                <normal y="-0.979583" x="-0.076876" z="-0.185644"/>
                <texcoord u="0.538029" v="0.475946"/>
            </vertex>
            <vertex>
                <position y="0.195090" x="0.375330" z="0.906127"/>
                <normal y="-0.193915" x="-0.375408" z="-0.906339"/>
                <texcoord u="0.856046" v="0.299164"/>
            </vertex>
            <vertex>
                <position y="0.382683" x="0.353554" z="0.853553"/>
                <normal y="-0.380535" x="-0.353862" z="-0.854366"/>
                <texcoord u="0.788558" v="0.337706"/>
            </vertex>
            <vertex>
                <position y="0.555570" x="0.318190" z="0.768177"/>
                <normal y="-0.552751" x="-0.318888" z="-0.769890"/>
                <texcoord u="0.729352" v="0.370214"/>
            </vertex>
            <vertex>
                <position y="0.000000" x="0.382684" z="0.923880"/>
                <normal y="-0.097995" x="-0.380810" z="-0.919401"/>
                <texcoord u="0.936246" v="0.253807"/>
            </vertex>
            <vertex>
                <position y="0.707107" x="0.137950" z="0.693520"/>
                <normal y="-0.704031" x="-0.138524" z="-0.696493"/>
                <texcoord u="0.653034" v="0.365806"/>
            </vertex>
            <vertex>
                <position y="0.831470" x="0.108387" z="0.544895"/>
                <normal y="-0.828639" x="-0.109195" z="-0.548997"/>
                <texcoord u="0.610635" v="0.401600"/>
            </vertex>
            <vertex>
                <position y="0.923880" x="0.074658" z="0.375330"/>
                <normal y="-0.921690" x="-0.075655" z="-0.380413"/>
                <texcoord u="0.570783" v="0.435360"/>
            </vertex>
            <vertex>
                <position y="0.980785" x="0.038061" z="0.191342"/>
                <normal y="-0.979583" x="-0.039186" z="-0.197089"/>
                <texcoord u="0.532457" v="0.467954"/>
            </vertex>
            <vertex>
                <position y="0.195090" x="0.191342" z="0.961939"/>
                <normal y="-0.193915" x="-0.191382" z="-0.962157"/>
                <texcoord u="0.808953" v="0.232590"/>
            </vertex>
            <vertex>
                <position y="0.382683" x="0.180240" z="0.906127"/>
                <normal y="-0.380535" x="-0.180395" z="-0.906980"/>
                <texcoord u="0.750712" v="0.283461"/>
            </vertex>
            <vertex>
                <position y="0.555570" x="0.162212" z="0.815493"/>
                <normal y="-0.552751" x="-0.162572" z="-0.817316"/>
                <texcoord u="0.699200" v="0.326906"/>
            </vertex>
            <vertex>
                <position y="0.000000" x="0.195090" z="0.980785"/>
                <normal y="-0.097995" x="-0.194128" z="-0.976043"/>
                <texcoord u="0.878197" v="0.172634"/>
            </vertex>
            <vertex>
                <position y="0.707107" x="0.000000" z="0.707107"/>
                <normal y="-0.704031" x="0.000000" z="-0.710135"/>
                <texcoord u="0.623619" v="0.337555"/>
            </vertex>
            <vertex>
                <position y="0.831470" x="0.000000" z="0.555570"/>
                <normal y="-0.828639" x="0.000000" z="-0.559771"/>
                <texcoord u="0.589091" v="0.380906"/>
            </vertex>
            <vertex>
                <position y="0.923880" x="0.000000" z="0.382683"/>
                <normal y="-0.921690" x="0.000000" z="-0.387860"/>
                <texcoord u="0.556639" v="0.421774"/>
            </vertex>
            <vertex>
                <position y="0.980785" x="0.000000" z="0.195090"/>
                <normal y="-0.979583" x="0.000000" z="-0.200964"/>
                <texcoord u="0.525435" v="0.461206"/>
            </vertex>
            <vertex>
                <position y="0.195090" x="0.000000" z="0.980785"/>
                <normal y="-0.193915" x="0.000000" z="-0.980987"/>
                <texcoord u="0.749967" v="0.176846"/>
            </vertex>
            <vertex>
                <position y="0.382683" x="0.000000" z="0.923879"/>
                <normal y="-0.380535" x="0.000000" z="-0.924741"/>
                <texcoord u="0.703059" v="0.237883"/>
            </vertex>
            <vertex>
                <position y="0.555570" x="0.000000" z="0.831469"/>
                <normal y="-0.552751" x="0.000000" z="-0.833338"/>
                <texcoord u="0.661196" v="0.290444"/>
            </vertex>
            <vertex>
                <position y="0.000000" x="0.000000" z="1.000000"/>
                <normal y="-0.097995" x="0.000000" z="-0.995178"/>
                <texcoord u="0.805789" v="0.104881"/>
            </vertex>
            <vertex>
                <position y="0.707107" x="-0.137949" z="0.693520"/>
                <normal y="-0.704031" x="0.138524" z="-0.696493"/>
                <texcoord u="0.589298" v="0.315642"/>
            </vertex>
            <vertex>
                <position y="0.831470" x="-0.108386" z="0.544895"/>
                <normal y="-0.828639" x="0.109195" z="-0.548997"/>
                <texcoord u="0.563945" v="0.364843"/>
            </vertex>
            <vertex>
                <position y="0.923880" x="-0.074658" z="0.375330"/>
                <normal y="-0.921690" x="0.075655" z="-0.380413"/>
                <texcoord u="0.540125" v="0.411222"/>
            </vertex>
            <vertex>
                <position y="0.980785" x="-0.038060" z="0.191342"/>
                <normal y="-0.979583" x="0.039186" z="-0.197089"/>
                <texcoord u="0.517233" v="0.455962"/>
            </vertex>
            <vertex>
                <position y="0.195090" x="-0.191342" z="0.961939"/>
                <normal y="-0.193915" x="0.191382" z="-0.962157"/>
                <texcoord u="0.681527" v="0.133919"/>
            </vertex>
            <vertex>
                <position y="0.382683" x="-0.180240" z="0.906127"/>
                <normal y="-0.380535" x="0.180395" z="-0.906980"/>
                <texcoord u="0.647580" v="0.202633"/>
            </vertex>
            <vertex>
                <position y="0.555570" x="-0.162211" z="0.815493"/>
                <normal y="-0.552751" x="0.162572" z="-0.817316"/>
                <texcoord u="0.616885" v="0.262192"/>
            </vertex>
            <vertex>
                <position y="0.000000" x="-0.195090" z="0.980785"/>
                <normal y="-0.097995" x="0.194128" z="-0.976043"/>
                <texcoord u="0.722030" v="0.052881"/>
            </vertex>
            <vertex>
                <position y="0.707107" x="-0.270598" z="0.653281"/>
                <normal y="-0.704031" x="0.271737" z="-0.656056"/>
                <texcoord u="0.551417" v="0.300879"/>
            </vertex>
            <vertex>
                <position y="0.831470" x="-0.212607" z="0.513280"/>
                <normal y="-0.828639" x="0.214209" z="-0.517136"/>
                <texcoord u="0.536179" v="0.354015"/>
            </vertex>
            <vertex>
                <position y="0.923880" x="-0.146446" z="0.353553"/>
                <normal y="-0.921690" x="0.148412" z="-0.358348"/>
                <texcoord u="0.521885" v="0.404103"/>
            </vertex>
            <vertex>
                <position y="0.980785" x="-0.074658" z="0.180240"/>
                <normal y="-0.979583" x="0.076876" z="-0.185644"/>
                <texcoord u="0.508171" v="0.452421"/>
            </vertex>
            <vertex>
                <position y="0.195090" x="-0.375330" z="0.906127"/>
                <normal y="-0.193915" x="0.375408" z="-0.906339"/>
                <texcoord u="0.606367" v="0.105267"/>
            </vertex>
            <vertex>
                <position y="0.382683" x="-0.353553" z="0.853553"/>
                <normal y="-0.380535" x="0.353893" z="-0.854366"/>
                <texcoord u="0.586481" v="0.178923"/>
            </vertex>
            <vertex>
                <position y="0.555570" x="-0.318189" z="0.768177"/>
                <normal y="-0.552751" x="0.318888" z="-0.769890"/>
                <texcoord u="0.568014" v="0.243165"/>
            </vertex>
            <vertex>
                <position y="0.000000" x="-0.382683" z="0.923879"/>
                <normal y="-0.097995" x="0.380840" z="-0.919401"/>
                <texcoord u="0.630277" v="0.018345"/>
            </vertex>
            <vertex>
                <position y="0.707107" x="-0.392847" z="0.587938"/>
                <normal y="-0.704031" x="0.394513" z="-0.590442"/>
                <texcoord u="0.511447" v="0.293802"/>
            </vertex>
            <vertex>
                <position y="0.831470" x="-0.308658" z="0.461940"/>
                <normal y="-0.828639" x="0.310984" z="-0.465407"/>
                <texcoord u="0.506870" v="0.348821"/>
            </vertex>
            <vertex>
                <position y="0.923880" x="-0.212607" z="0.318190"/>
                <normal y="-0.921690" x="0.215491" z="-0.322489"/>
                <texcoord u="0.502622" v="0.400683"/>
            </vertex>
            <vertex>
                <position y="0.980785" x="-0.108386" z="0.162212"/>
                <normal y="-0.979583" x="0.111637" z="-0.167089"/>
                <texcoord u="0.498596" v="0.450716"/>
            </vertex>
            <vertex>
                <position y="0.195090" x="-0.544895" z="0.815493"/>
                <normal y="-0.193915" x="0.545000" z="-0.815668"/>
                <texcoord u="0.527401" v="0.091807"/>
            </vertex>
            <vertex>
                <position y="0.382683" x="-0.513280" z="0.768178"/>
                <normal y="-0.380535" x="0.513749" z="-0.768914"/>
                <texcoord u="0.522086" v="0.167479"/>
            </vertex>
            <vertex>
                <position y="0.555570" x="-0.461939" z="0.691341"/>
                <normal y="-0.552751" x="0.462966" z="-0.692892"/>
                <texcoord u="0.516464" v="0.234026"/>
            </vertex>
            <vertex>
                <position y="0.000000" x="-0.555570" z="0.831469"/>
                <normal y="-0.097995" x="0.552873" z="-0.827448"/>
                <texcoord u="0.534106" v="0.002259"/>
            </vertex>
            <vertex>
                <position y="0.707107" x="-0.500000" z="0.500000"/>
                <normal y="-0.704031" x="0.502121" z="-0.502121"/>
                <texcoord u="0.470932" v="0.294657"/>
            </vertex>
            <vertex>
                <position y="0.831470" x="-0.392847" z="0.392847"/>
                <normal y="-0.828639" x="0.395795" z="-0.395795"/>
                <texcoord u="0.477149" v="0.349441"/>
            </vertex>
            <vertex>
                <position y="0.923880" x="-0.270598" z="0.270598"/>
                <normal y="-0.921690" x="0.274270" z="-0.274270"/>
                <texcoord u="0.483079" v="0.401083"/>
            </vertex>
            <vertex>
                <position y="0.980785" x="-0.137949" z="0.137950"/>
                <normal y="-0.979583" x="0.142094" z="-0.142094"/>
                <texcoord u="0.488877" v="0.450910"/>
            </vertex>
            <vertex>
                <position y="0.195090" x="-0.693519" z="0.693519"/>
                <normal y="-0.193915" x="0.693655" z="-0.693655"/>
                <texcoord u="0.447640" v="0.093975"/>
            </vertex>
            <vertex>
                <position y="0.382683" x="-0.653281" z="0.653281"/>
                <normal y="-0.380535" x="0.653890" z="-0.653890"/>
                <texcoord u="0.456665" v="0.168486"/>
            </vertex>
            <vertex>
                <position y="0.555570" x="-0.587937" z="0.587937"/>
                <normal y="-0.552751" x="0.589251" z="-0.589251"/>
                <texcoord u="0.464217" v="0.235108"/>
            </vertex>
            <vertex>
                <position y="0.000000" x="-0.707106" z="0.707106"/>
                <normal y="-0.097995" x="0.703696" z="-0.703696"/>
                <texcoord u="0.437077" v="0.004819"/>
            </vertex>
            <vertex>
                <position y="0.707107" x="-0.587937" z="0.392847"/>
                <normal y="-0.704031" x="0.590442" z="-0.394513"/>
                <texcoord u="0.431421" v="0.303388"/>
            </vertex>
            <vertex>
                <position y="0.831470" x="-0.461939" z="0.308658"/>
                <normal y="-0.828639" x="0.465407" z="-0.310984"/>
                <texcoord u="0.448153" v="0.355831"/>
            </vertex>
            <vertex>
                <position y="0.923880" x="-0.318189" z="0.212607"/>
                <normal y="-0.921690" x="0.322489" z="-0.215491"/>
                <texcoord u="0.464004" v="0.405279"/>
            </vertex>
            <vertex>
                <position y="0.980785" x="-0.162211" z="0.108386"/>
                <normal y="-0.979583" x="0.167089" z="-0.111637"/>
                <texcoord u="0.479386" v="0.452993"/>
            </vertex>
            <vertex>
                <position y="0.195090" x="-0.815492" z="0.544895"/>
                <normal y="-0.193915" x="0.815668" z="-0.545000"/>
                <texcoord u="0.369709" v="0.110859"/>
            </vertex>
            <vertex>
                <position y="0.382683" x="-0.768177" z="0.513280"/>
                <normal y="-0.380535" x="0.768914" z="-0.513749"/>
                <texcoord u="0.393047" v="0.183096"/>
            </vertex>
            <vertex>
                <position y="0.555570" x="-0.691341" z="0.461939"/>
                <normal y="-0.552751" x="0.692892" z="-0.462966"/>
                <texcoord u="0.413296" v="0.246448"/>
            </vertex>
            <vertex>
                <position y="0.000000" x="-0.831469" z="0.555570"/>
                <normal y="-0.097995" x="0.827448" z="-0.552873"/>
                <texcoord u="0.342236" v="0.025537"/>
            </vertex>
            <vertex>
                <position y="0.707107" x="-0.653281" z="0.270598"/>
                <normal y="-0.704031" x="0.656056" z="-0.271737"/>
                <texcoord u="0.394416" v="0.319616"/>
            </vertex>
            <vertex>
                <position y="0.831470" x="-0.513280" z="0.212607"/>
                <normal y="-0.828639" x="0.517136" z="-0.214209"/>
                <texcoord u="0.420985" v="0.367729"/>
            </vertex>
            <vertex>
                <position y="0.923880" x="-0.353553" z="0.146447"/>
                <normal y="-0.921690" x="0.358348" z="-0.148412"/>
                <texcoord u="0.446124" v="0.413101"/>
            </vertex>
            <vertex>
                <position y="0.980785" x="-0.180240" z="0.074658"/>
                <normal y="-0.979583" x="0.185644" z="-0.076907"/>
                <texcoord u="0.470486" v="0.456884"/>
            </vertex>
            <vertex>
                <position y="0.195090" x="-0.906127" z="0.375330"/>
                <normal y="-0.193915" x="0.906339" z="-0.375408"/>
                <texcoord u="0.296328" v="0.142634"/>
            </vertex>
            <vertex>
                <position y="0.382683" x="-0.853553" z="0.353553"/>
                <normal y="-0.380535" x="0.854366" z="-0.353862"/>
                <texcoord u="0.333806" v="0.209584"/>
            </vertex>
            <vertex>
                <position y="0.555570" x="-0.768177" z="0.318189"/>
                <normal y="-0.552751" x="0.769890" z="-0.318888"/>
                <texcoord u="0.365636" v="0.267414"/>
            </vertex>
            <vertex>
                <position y="0.000000" x="-0.923879" z="0.382683"/>
                <normal y="-0.097995" x="0.919401" z="-0.380810"/>
                <texcoord u="0.252757" v="0.064511"/>
            </vertex>
            <vertex>
                <position y="0.707107" x="-0.693520" z="0.137950"/>
                <normal y="-0.704031" x="0.696493" z="-0.138524"/>
                <texcoord u="0.361319" v="0.342680"/>
            </vertex>
            <vertex>
                <position y="0.831470" x="-0.544895" z="0.108386"/>
                <normal y="-0.828639" x="0.548997" z="-0.109195"/>
                <texcoord u="0.396674" v="0.384661"/>
            </vertex>
            <vertex>
                <position y="0.923880" x="-0.375330" z="0.074658"/>
                <normal y="-0.921690" x="0.380413" z="-0.075655"/>
                <texcoord u="0.430118" v="0.424244"/>
            </vertex>
            <vertex>
                <position y="0.980785" x="-0.191342" z="0.038060"/>
                <normal y="-0.979583" x="0.197089" z="-0.039186"/>
                <texcoord u="0.462517" v="0.462431"/>
            </vertex>
            <vertex>
                <position y="0.195090" x="-0.961939" z="0.191341"/>
                <normal y="-0.193915" x="0.962157" z="-0.191382"/>
                <texcoord u="0.231016" v="0.188655"/>
            </vertex>
            <vertex>
                <position y="0.382683" x="-0.906127" z="0.180240"/>
                <normal y="-0.380535" x="0.906980" z="-0.180395"/>
                <texcoord u="0.280102" v="0.246031"/>
            </vertex>
            <vertex>
                <position y="0.555570" x="-0.815492" z="0.162211"/>
                <normal y="-0.552751" x="0.817316" z="-0.162572"/>
                <texcoord u="0.322983" v="0.297076"/>
            </vertex>
            <vertex>
                <position y="0.000000" x="-0.980785" z="0.195090"/>
                <normal y="-0.097995" x="0.976043" z="-0.194128"/>
                <texcoord u="0.173091" v="0.120687"/>
            </vertex>
            <vertex>
                <position y="1.000000" x="0.000000" z="0.000000"/>
                <normal y="-1.000000" x="0.000000" z="-0.000000"/>
                <texcoord u="0.494663" v="0.500178"/>
            </vertex>
        </vertexbuffer>
    </sharedgeometry>
    <submeshes>
        <submesh material="Sky" operationtype="triangle_list" use32bitindexes="False" usesharedvertices="true">
            <faces count="480">
                <face v2="1" v3="2" v1="0"/>
                <face v2="2" v3="3" v1="0"/>
                <face v2="5" v3="6" v1="4"/>
                <face v2="6" v3="7" v1="4"/>
                <face v2="9" v3="10" v1="8"/>
                <face v2="10" v3="11" v1="8"/>
                <face v2="13" v3="1" v1="12"/>
                <face v2="1" v3="0" v1="12"/>
                <face v2="2" v3="5" v1="3"/>
                <face v2="5" v3="4" v1="3"/>
                <face v2="6" v3="9" v1="7"/>
                <face v2="9" v3="8" v1="7"/>
                <face v2="15" v3="11" v1="14"/>
                <face v2="11" v3="10" v1="14"/>
                <face v2="16" v3="17" v1="6"/>
                <face v2="17" v3="9" v1="6"/>
                <face v2="18" v3="19" v1="10"/>
                <face v2="19" v3="14" v1="10"/>
                <face v2="20" v3="21" v1="1"/>
                <face v2="21" v3="2" v1="1"/>
                <face v2="22" v3="16" v1="5"/>
                <face v2="16" v3="6" v1="5"/>
                <face v2="17" v3="18" v1="9"/>
                <face v2="18" v3="10" v1="9"/>
                <face v2="23" v3="20" v1="13"/>
                <face v2="20" v3="1" v1="13"/>
                <face v2="21" v3="22" v1="2"/>
                <face v2="22" v3="5" v1="2"/>
                <face v2="24" v3="25" v1="16"/>
                <face v2="25" v3="17" v1="16"/>
                <face v2="26" v3="27" v1="18"/>
                <face v2="27" v3="19" v1="18"/>
                <face v2="28" v3="29" v1="20"/>
                <face v2="29" v3="21" v1="20"/>
                <face v2="30" v3="24" v1="22"/>
                <face v2="24" v3="16" v1="22"/>
                <face v2="25" v3="26" v1="17"/>
                <face v2="26" v3="18" v1="17"/>
                <face v2="31" v3="28" v1="23"/>
                <face v2="28" v3="20" v1="23"/>
                <face v2="29" v3="30" v1="21"/>
                <face v2="30" v3="22" v1="21"/>
                <face v2="32" v3="33" v1="24"/>
                <face v2="33" v3="25" v1="24"/>
                <face v2="34" v3="35" v1="26"/>
                <face v2="35" v3="27" v1="26"/>
                <face v2="36" v3="37" v1="28"/>
                <face v2="37" v3="29" v1="28"/>
                <face v2="38" v3="32" v1="30"/>
                <face v2="32" v3="24" v1="30"/>
                <face v2="33" v3="34" v1="25"/>
                <face v2="34" v3="26" v1="25"/>
                <face v2="39" v3="36" v1="31"/>
                <face v2="36" v3="28" v1="31"/>
                <face v2="37" v3="38" v1="29"/>
                <face v2="38" v3="30" v1="29"/>
                <face v2="40" v3="41" v1="32"/>
                <face v2="41" v3="33" v1="32"/>
                <face v2="42" v3="43" v1="34"/>
                <face v2="43" v3="35" v1="34"/>
                <face v2="44" v3="45" v1="36"/>
                <face v2="45" v3="37" v1="36"/>
                <face v2="46" v3="40" v1="38"/>
                <face v2="40" v3="32" v1="38"/>
                <face v2="41" v3="42" v1="33"/>
                <face v2="42" v3="34" v1="33"/>
                <face v2="47" v3="44" v1="39"/>
                <face v2="44" v3="36" v1="39"/>
                <face v2="45" v3="46" v1="37"/>
                <face v2="46" v3="38" v1="37"/>
                <face v2="48" v3="49" v1="40"/>
                <face v2="49" v3="41" v1="40"/>
                <face v2="50" v3="51" v1="42"/>
                <face v2="51" v3="43" v1="42"/>
                <face v2="52" v3="53" v1="44"/>
                <face v2="53" v3="45" v1="44"/>
                <face v2="54" v3="48" v1="46"/>
                <face v2="48" v3="40" v1="46"/>
                <face v2="49" v3="50" v1="41"/>
                <face v2="50" v3="42" v1="41"/>
                <face v2="55" v3="52" v1="47"/>
                <face v2="52" v3="44" v1="47"/>
                <face v2="53" v3="54" v1="45"/>
                <face v2="54" v3="46" v1="45"/>
                <face v2="56" v3="57" v1="48"/>
                <face v2="57" v3="49" v1="48"/>
                <face v2="58" v3="59" v1="50"/>
                <face v2="59" v3="51" v1="50"/>
                <face v2="60" v3="61" v1="52"/>
                <face v2="61" v3="53" v1="52"/>
                <face v2="62" v3="56" v1="54"/>
                <face v2="56" v3="48" v1="54"/>
                <face v2="57" v3="58" v1="49"/>
                <face v2="58" v3="50" v1="49"/>
                <face v2="63" v3="60" v1="55"/>
                <face v2="60" v3="52" v1="55"/>
                <face v2="61" v3="62" v1="53"/>
                <face v2="62" v3="54" v1="53"/>
                <face v2="64" v3="65" v1="56"/>
                <face v2="65" v3="57" v1="56"/>
                <face v2="66" v3="67" v1="58"/>
                <face v2="67" v3="59" v1="58"/>
                <face v2="68" v3="69" v1="60"/>
                <face v2="69" v3="61" v1="60"/>
                <face v2="70" v3="64" v1="62"/>
                <face v2="64" v3="56" v1="62"/>
                <face v2="65" v3="66" v1="57"/>
                <face v2="66" v3="58" v1="57"/>
                <face v2="71" v3="68" v1="63"/>
                <face v2="68" v3="60" v1="63"/>
                <face v2="69" v3="70" v1="61"/>
                <face v2="70" v3="62" v1="61"/>
                <face v2="72" v3="73" v1="64"/>
                <face v2="73" v3="65" v1="64"/>
                <face v2="74" v3="75" v1="66"/>
                <face v2="75" v3="67" v1="66"/>
                <face v2="76" v3="77" v1="68"/>
                <face v2="77" v3="69" v1="68"/>
                <face v2="78" v3="72" v1="70"/>
                <face v2="72" v3="64" v1="70"/>
                <face v2="73" v3="74" v1="65"/>
                <face v2="74" v3="66" v1="65"/>
                <face v2="79" v3="76" v1="71"/>
                <face v2="76" v3="68" v1="71"/>
                <face v2="77" v3="78" v1="69"/>
                <face v2="78" v3="70" v1="69"/>
                <face v2="80" v3="81" v1="72"/>
                <face v2="81" v3="73" v1="72"/>
                <face v2="82" v3="83" v1="74"/>
                <face v2="83" v3="75" v1="74"/>
                <face v2="84" v3="85" v1="76"/>
                <face v2="85" v3="77" v1="76"/>
                <face v2="86" v3="80" v1="78"/>
                <face v2="80" v3="72" v1="78"/>
                <face v2="81" v3="82" v1="73"/>
                <face v2="82" v3="74" v1="73"/>
                <face v2="87" v3="84" v1="79"/>
                <face v2="84" v3="76" v1="79"/>
                <face v2="85" v3="86" v1="77"/>
                <face v2="86" v3="78" v1="77"/>
                <face v2="88" v3="89" v1="80"/>
                <face v2="89" v3="81" v1="80"/>
                <face v2="90" v3="91" v1="82"/>
                <face v2="91" v3="83" v1="82"/>
                <face v2="92" v3="93" v1="84"/>
                <face v2="93" v3="85" v1="84"/>
                <face v2="94" v3="88" v1="86"/>
                <face v2="88" v3="80" v1="86"/>
                <face v2="89" v3="90" v1="81"/>
                <face v2="90" v3="82" v1="81"/>
                <face v2="95" v3="92" v1="87"/>
                <face v2="92" v3="84" v1="87"/>
                <face v2="93" v3="94" v1="85"/>
                <face v2="94" v3="86" v1="85"/>
                <face v2="96" v3="97" v1="88"/>
                <face v2="97" v3="89" v1="88"/>
                <face v2="98" v3="99" v1="90"/>
                <face v2="99" v3="91" v1="90"/>
                <face v2="100" v3="101" v1="92"/>
                <face v2="101" v3="93" v1="92"/>
                <face v2="102" v3="96" v1="94"/>
                <face v2="96" v3="88" v1="94"/>
                <face v2="97" v3="98" v1="89"/>
                <face v2="98" v3="90" v1="89"/>
                <face v2="103" v3="100" v1="95"/>
                <face v2="100" v3="92" v1="95"/>
                <face v2="101" v3="102" v1="93"/>
                <face v2="102" v3="94" v1="93"/>
                <face v2="104" v3="105" v1="96"/>
                <face v2="105" v3="97" v1="96"/>
                <face v2="106" v3="107" v1="98"/>
                <face v2="107" v3="99" v1="98"/>
                <face v2="108" v3="109" v1="100"/>
                <face v2="109" v3="101" v1="100"/>
                <face v2="110" v3="104" v1="102"/>
                <face v2="104" v3="96" v1="102"/>
                <face v2="105" v3="106" v1="97"/>
                <face v2="106" v3="98" v1="97"/>
                <face v2="111" v3="108" v1="103"/>
                <face v2="108" v3="100" v1="103"/>
                <face v2="109" v3="110" v1="101"/>
                <face v2="110" v3="102" v1="101"/>
                <face v2="112" v3="113" v1="104"/>
                <face v2="113" v3="105" v1="104"/>
                <face v2="114" v3="115" v1="106"/>
                <face v2="115" v3="107" v1="106"/>
                <face v2="116" v3="117" v1="108"/>
                <face v2="117" v3="109" v1="108"/>
                <face v2="118" v3="112" v1="110"/>
                <face v2="112" v3="104" v1="110"/>
                <face v2="113" v3="114" v1="105"/>
                <face v2="114" v3="106" v1="105"/>
                <face v2="119" v3="116" v1="111"/>
                <face v2="116" v3="108" v1="111"/>
                <face v2="117" v3="118" v1="109"/>
                <face v2="118" v3="110" v1="109"/>
                <face v2="120" v3="121" v1="112"/>
                <face v2="121" v3="113" v1="112"/>
                <face v2="122" v3="123" v1="114"/>
                <face v2="123" v3="115" v1="114"/>
                <face v2="124" v3="125" v1="116"/>
                <face v2="125" v3="117" v1="116"/>
                <face v2="126" v3="120" v1="118"/>
                <face v2="120" v3="112" v1="118"/>
                <face v2="121" v3="122" v1="113"/>
                <face v2="122" v3="114" v1="113"/>
                <face v2="127" v3="124" v1="119"/>
                <face v2="124" v3="116" v1="119"/>
                <face v2="125" v3="126" v1="117"/>
                <face v2="126" v3="118" v1="117"/>
                <face v2="128" v3="129" v1="120"/>
                <face v2="129" v3="121" v1="120"/>
                <face v2="130" v3="131" v1="122"/>
                <face v2="131" v3="123" v1="122"/>
                <face v2="132" v3="133" v1="124"/>
                <face v2="133" v3="125" v1="124"/>
                <face v2="134" v3="128" v1="126"/>
                <face v2="128" v3="120" v1="126"/>
                <face v2="129" v3="130" v1="121"/>
                <face v2="130" v3="122" v1="121"/>
                <face v2="135" v3="132" v1="127"/>
                <face v2="132" v3="124" v1="127"/>
                <face v2="133" v3="134" v1="125"/>
                <face v2="134" v3="126" v1="125"/>
                <face v2="136" v3="137" v1="128"/>
                <face v2="137" v3="129" v1="128"/>
                <face v2="138" v3="139" v1="130"/>
                <face v2="139" v3="131" v1="130"/>
                <face v2="140" v3="141" v1="132"/>
                <face v2="141" v3="133" v1="132"/>
                <face v2="142" v3="136" v1="134"/>
                <face v2="136" v3="128" v1="134"/>
                <face v2="137" v3="138" v1="129"/>
                <face v2="138" v3="130" v1="129"/>
                <face v2="143" v3="140" v1="135"/>
                <face v2="140" v3="132" v1="135"/>
                <face v2="141" v3="142" v1="133"/>
                <face v2="142" v3="134" v1="133"/>
                <face v2="144" v3="145" v1="136"/>
                <face v2="145" v3="137" v1="136"/>
                <face v2="146" v3="147" v1="138"/>
                <face v2="147" v3="139" v1="138"/>
                <face v2="148" v3="149" v1="140"/>
                <face v2="149" v3="141" v1="140"/>
                <face v2="150" v3="144" v1="142"/>
                <face v2="144" v3="136" v1="142"/>
                <face v2="145" v3="146" v1="137"/>
                <face v2="146" v3="138" v1="137"/>
                <face v2="151" v3="148" v1="143"/>
                <face v2="148" v3="140" v1="143"/>
                <face v2="149" v3="150" v1="141"/>
                <face v2="150" v3="142" v1="141"/>
                <face v2="152" v3="153" v1="144"/>
                <face v2="153" v3="145" v1="144"/>
                <face v2="154" v3="155" v1="146"/>
                <face v2="155" v3="147" v1="146"/>
                <face v2="156" v3="157" v1="148"/>
                <face v2="157" v3="149" v1="148"/>
                <face v2="158" v3="152" v1="150"/>
                <face v2="152" v3="144" v1="150"/>
                <face v2="153" v3="154" v1="145"/>
                <face v2="154" v3="146" v1="145"/>
                <face v2="159" v3="156" v1="151"/>
                <face v2="156" v3="148" v1="151"/>
                <face v2="157" v3="158" v1="149"/>
                <face v2="158" v3="150" v1="149"/>
                <face v2="160" v3="161" v1="152"/>
                <face v2="161" v3="153" v1="152"/>
                <face v2="162" v3="163" v1="154"/>
                <face v2="163" v3="155" v1="154"/>
                <face v2="164" v3="165" v1="156"/>
                <face v2="165" v3="157" v1="156"/>
                <face v2="166" v3="160" v1="158"/>
                <face v2="160" v3="152" v1="158"/>
                <face v2="161" v3="162" v1="153"/>
                <face v2="162" v3="154" v1="153"/>
                <face v2="167" v3="164" v1="159"/>
                <face v2="164" v3="156" v1="159"/>
                <face v2="165" v3="166" v1="157"/>
                <face v2="166" v3="158" v1="157"/>
                <face v2="168" v3="169" v1="160"/>
                <face v2="169" v3="161" v1="160"/>
                <face v2="170" v3="171" v1="162"/>
                <face v2="171" v3="163" v1="162"/>
                <face v2="172" v3="173" v1="164"/>
                <face v2="173" v3="165" v1="164"/>
                <face v2="174" v3="168" v1="166"/>
                <face v2="168" v3="160" v1="166"/>
                <face v2="169" v3="170" v1="161"/>
                <face v2="170" v3="162" v1="161"/>
                <face v2="175" v3="172" v1="167"/>
                <face v2="172" v3="164" v1="167"/>
                <face v2="173" v3="174" v1="165"/>
                <face v2="174" v3="166" v1="165"/>
                <face v2="176" v3="177" v1="168"/>
                <face v2="177" v3="169" v1="168"/>
                <face v2="178" v3="179" v1="170"/>
                <face v2="179" v3="171" v1="170"/>
                <face v2="180" v3="181" v1="172"/>
                <face v2="181" v3="173" v1="172"/>
                <face v2="182" v3="176" v1="174"/>
                <face v2="176" v3="168" v1="174"/>
                <face v2="177" v3="178" v1="169"/>
                <face v2="178" v3="170" v1="169"/>
                <face v2="183" v3="180" v1="175"/>
                <face v2="180" v3="172" v1="175"/>
                <face v2="181" v3="182" v1="173"/>
                <face v2="182" v3="174" v1="173"/>
                <face v2="184" v3="185" v1="176"/>
                <face v2="185" v3="177" v1="176"/>
                <face v2="186" v3="187" v1="178"/>
                <face v2="187" v3="179" v1="178"/>
                <face v2="188" v3="189" v1="180"/>
                <face v2="189" v3="181" v1="180"/>
                <face v2="190" v3="184" v1="182"/>
                <face v2="184" v3="176" v1="182"/>
                <face v2="185" v3="186" v1="177"/>
                <face v2="186" v3="178" v1="177"/>
                <face v2="191" v3="188" v1="183"/>
                <face v2="188" v3="180" v1="183"/>
                <face v2="189" v3="190" v1="181"/>
                <face v2="190" v3="182" v1="181"/>
                <face v2="192" v3="193" v1="184"/>
                <face v2="193" v3="185" v1="184"/>
                <face v2="194" v3="195" v1="186"/>
                <face v2="195" v3="187" v1="186"/>
                <face v2="196" v3="197" v1="188"/>
                <face v2="197" v3="189" v1="188"/>
                <face v2="198" v3="192" v1="190"/>
                <face v2="192" v3="184" v1="190"/>
                <face v2="193" v3="194" v1="185"/>
                <face v2="194" v3="186" v1="185"/>
                <face v2="199" v3="196" v1="191"/>
                <face v2="196" v3="188" v1="191"/>
                <face v2="197" v3="198" v1="189"/>
                <face v2="198" v3="190" v1="189"/>
                <face v2="200" v3="201" v1="192"/>
                <face v2="201" v3="193" v1="192"/>
                <face v2="202" v3="203" v1="194"/>
                <face v2="203" v3="195" v1="194"/>
                <face v2="204" v3="205" v1="196"/>
                <face v2="205" v3="197" v1="196"/>
                <face v2="206" v3="200" v1="198"/>
                <face v2="200" v3="192" v1="198"/>
                <face v2="201" v3="202" v1="193"/>
                <face v2="202" v3="194" v1="193"/>
                <face v2="207" v3="204" v1="199"/>
                <face v2="204" v3="196" v1="199"/>
                <face v2="205" v3="206" v1="197"/>
                <face v2="206" v3="198" v1="197"/>
                <face v2="208" v3="209" v1="200"/>
                <face v2="209" v3="201" v1="200"/>
                <face v2="210" v3="211" v1="202"/>
                <face v2="211" v3="203" v1="202"/>
                <face v2="212" v3="213" v1="204"/>
                <face v2="213" v3="205" v1="204"/>
                <face v2="214" v3="208" v1="206"/>
                <face v2="208" v3="200" v1="206"/>
                <face v2="209" v3="210" v1="201"/>
                <face v2="210" v3="202" v1="201"/>
                <face v2="215" v3="212" v1="207"/>
                <face v2="212" v3="204" v1="207"/>
                <face v2="213" v3="214" v1="205"/>
                <face v2="214" v3="206" v1="205"/>
                <face v2="216" v3="217" v1="208"/>
                <face v2="217" v3="209" v1="208"/>
                <face v2="218" v3="219" v1="210"/>
                <face v2="219" v3="211" v1="210"/>
                <face v2="220" v3="221" v1="212"/>
                <face v2="221" v3="213" v1="212"/>
                <face v2="222" v3="216" v1="214"/>
                <face v2="216" v3="208" v1="214"/>
                <face v2="217" v3="218" v1="209"/>
                <face v2="218" v3="210" v1="209"/>
                <face v2="223" v3="220" v1="215"/>
                <face v2="220" v3="212" v1="215"/>
                <face v2="221" v3="222" v1="213"/>
                <face v2="222" v3="214" v1="213"/>
                <face v2="224" v3="225" v1="216"/>
                <face v2="225" v3="217" v1="216"/>
                <face v2="226" v3="227" v1="218"/>
                <face v2="227" v3="219" v1="218"/>
                <face v2="228" v3="229" v1="220"/>
                <face v2="229" v3="221" v1="220"/>
                <face v2="230" v3="224" v1="222"/>
                <face v2="224" v3="216" v1="222"/>
                <face v2="225" v3="226" v1="217"/>
                <face v2="226" v3="218" v1="217"/>
                <face v2="231" v3="228" v1="223"/>
                <face v2="228" v3="220" v1="223"/>
                <face v2="229" v3="230" v1="221"/>
                <face v2="230" v3="222" v1="221"/>
                <face v2="232" v3="233" v1="224"/>
                <face v2="233" v3="225" v1="224"/>
                <face v2="234" v3="235" v1="226"/>
                <face v2="235" v3="227" v1="226"/>
                <face v2="236" v3="237" v1="228"/>
                <face v2="237" v3="229" v1="228"/>
                <face v2="238" v3="232" v1="230"/>
                <face v2="232" v3="224" v1="230"/>
                <face v2="233" v3="234" v1="225"/>
                <face v2="234" v3="226" v1="225"/>
                <face v2="239" v3="236" v1="231"/>
                <face v2="236" v3="228" v1="231"/>
                <face v2="237" v3="238" v1="229"/>
                <face v2="238" v3="230" v1="229"/>
                <face v2="240" v3="241" v1="232"/>
                <face v2="241" v3="233" v1="232"/>
                <face v2="242" v3="243" v1="234"/>
                <face v2="243" v3="235" v1="234"/>
                <face v2="244" v3="245" v1="236"/>
                <face v2="245" v3="237" v1="236"/>
                <face v2="246" v3="240" v1="238"/>
                <face v2="240" v3="232" v1="238"/>
                <face v2="241" v3="242" v1="233"/>
                <face v2="242" v3="234" v1="233"/>
                <face v2="247" v3="244" v1="239"/>
                <face v2="244" v3="236" v1="239"/>
                <face v2="245" v3="246" v1="237"/>
                <face v2="246" v3="238" v1="237"/>
                <face v2="248" v3="249" v1="240"/>
                <face v2="249" v3="241" v1="240"/>
                <face v2="250" v3="251" v1="242"/>
                <face v2="251" v3="243" v1="242"/>
                <face v2="252" v3="253" v1="244"/>
                <face v2="253" v3="245" v1="244"/>
                <face v2="254" v3="248" v1="246"/>
                <face v2="248" v3="240" v1="246"/>
                <face v2="249" v3="250" v1="241"/>
                <face v2="250" v3="242" v1="241"/>
                <face v2="255" v3="252" v1="247"/>
                <face v2="252" v3="244" v1="247"/>
                <face v2="253" v3="254" v1="245"/>
                <face v2="254" v3="246" v1="245"/>
                <face v2="14" v3="256" v1="15"/>
                <face v2="19" v3="256" v1="14"/>
                <face v2="27" v3="256" v1="19"/>
                <face v2="35" v3="256" v1="27"/>
                <face v2="43" v3="256" v1="35"/>
                <face v2="51" v3="256" v1="43"/>
                <face v2="59" v3="256" v1="51"/>
                <face v2="67" v3="256" v1="59"/>
                <face v2="75" v3="256" v1="67"/>
                <face v2="83" v3="256" v1="75"/>
                <face v2="91" v3="256" v1="83"/>
                <face v2="99" v3="256" v1="91"/>
                <face v2="107" v3="256" v1="99"/>
                <face v2="115" v3="256" v1="107"/>
                <face v2="123" v3="256" v1="115"/>
                <face v2="131" v3="256" v1="123"/>
                <face v2="139" v3="256" v1="131"/>
                <face v2="147" v3="256" v1="139"/>
                <face v2="155" v3="256" v1="147"/>
                <face v2="163" v3="256" v1="155"/>
                <face v2="171" v3="256" v1="163"/>
                <face v2="179" v3="256" v1="171"/>
                <face v2="187" v3="256" v1="179"/>
                <face v2="195" v3="256" v1="187"/>
                <face v2="203" v3="256" v1="195"/>
                <face v2="211" v3="256" v1="203"/>
                <face v2="219" v3="256" v1="211"/>
                <face v2="227" v3="256" v1="219"/>
                <face v2="235" v3="256" v1="227"/>
                <face v2="243" v3="256" v1="235"/>
                <face v2="251" v3="256" v1="243"/>
                <face v2="7" v3="8" v1="248"/>
                <face v2="8" v3="249" v1="248"/>
                <face v2="251" v3="250" v1="15"/>
                <face v2="250" v3="11" v1="15"/>
                <face v2="0" v3="3" v1="252"/>
                <face v2="3" v3="253" v1="252"/>
                <face v2="4" v3="7" v1="254"/>
                <face v2="7" v3="248" v1="254"/>
                <face v2="8" v3="11" v1="249"/>
                <face v2="11" v3="250" v1="249"/>
                <face v2="15" v3="256" v1="251"/>
                <face v2="12" v3="0" v1="255"/>
                <face v2="0" v3="252" v1="255"/>
                <face v2="3" v3="4" v1="253"/>
                <face v2="4" v3="254" v1="253"/>
            </faces>
        </submesh>
    </submeshes>
    <submeshnames>
        <submesh index="0" name="Sky">
        </submesh>
    </submeshnames>
</mesh>